episode_id,patient_id,condition_group,primary_body_region,injury_mechanism,occupation_group_at_start,physical_work_demand_at_start,referral_source,funding_source,episode_start_date,episode_end_date,episode_status,rtw_status_at_start,rtw_status_at_end,discharge_reason
E00001,P0001,Low back pain,Lumbar spine,Manual handling or lifting,Other,Light,Insurer or case manager,Self-funded,2026-01-27,2026-05-08,Completed,Full duties,Full duties,Goals achieved
E00002,P0001,Shoulder condition,Shoulder,Gradual or non-specific onset,Retail or hospitality,Medium,General practitioner,Self-funded,2026-05-29,2026-06-13,Completed,Modified duties,Modified duties,Goals achieved
E00003,P0002,Low back pain,Lumbar spine,Sports or exercise,Trades,Heavy,Insurer or case manager,Workers' compensation,2025-10-16,2025-11-06,Completed,Not working,Not working,Patient discontinued
E00004,P0003,Low back pain,Lumbar spine,Direct impact,Education,Light,Self-referral,Self-funded,2026-06-24,2026-08-10,Completed,Not working,Not working,Lost to follow-up
E00005,P0003,Knee condition,Knee,Repetitive movement or overuse,Office or administration,Sedentary,Self-referral,Self-funded,2026-08-11,,Active,Not working,,
E00006,P0004,Neck pain,Cervical spine,Gradual or non-specific onset,Healthcare,Heavy,Specialist,Workers' compensation,2026-07-24,2026-09-06,Completed,Full duties,Full duties,Patient discontinued
E00007,P0005,Elbow condition,Elbow,Manual handling or lifting,Transport,Heavy,General practitioner,Private health insurance,2025-11-17,2026-09-02,Discontinued,Reduced hours,Not working,Patient discontinued
E00008,P0006,Neck pain,Cervical spine,Gradual or non-specific onset,Other,Light,Self-referral,Self-funded,2024-12-27,2025-01-02,Completed,Full duties,Full duties,Goals achieved
E00009,P0006,Ankle or foot condition,Ankle or foot,"Slip, trip or fall",Retail or hospitality,Light,Insurer or case manager,Workers' compensation,2025-07-28,2025-09-28,Completed,Not working,Not working,Goals achieved
E00010,P0006,Shoulder condition,Shoulder,Gradual or non-specific onset,Office or administration,Sedentary,Insurer or case manager,Workers' compensation,2026-02-27,2026-04-26,Completed,Reduced hours,Full duties,Lost to follow-up
E00011,P0007,Knee condition,Knee,Direct impact,Manufacturing,Medium,General practitioner,Other,2025-08-06,2025-08-24,Discontinued,Full duties,Full duties,Referred to another provider
E00012,P0007,Knee condition,Knee,Repetitive movement or overuse,Office or administration,Sedentary,Employer,Workers' compensation,2026-03-03,,Active,Not working,,
E00013,P0008,Shoulder condition,Shoulder,Repetitive movement or overuse,Education,Light,Insurer or case manager,Self-funded,2025-02-18,2025-03-12,Completed,Modified duties,Full duties,Goals achieved
E00014,P0008,Multiple regions,Multiple regions,"Slip, trip or fall",Retail or hospitality,Medium,Employer,Private health insurance,2025-12-09,,Active,Modified duties,,
E00015,P0009,Neck pain,Cervical spine,Gradual or non-specific onset,Transport,Sedentary,Self-referral,Self-funded,2025-09-04,2025-09-23,Completed,Not working,Not working,Patient discontinued
E00016,P0010,Low back pain,Lumbar spine,Sports or exercise,Trades,Heavy,General practitioner,Medicare-supported care,2026-03-02,2026-05-22,Discontinued,Reduced hours,Reduced hours,Goals achieved
E00017,P0011,Knee condition,Knee,Gradual or non-specific onset,Manufacturing,Heavy,Other allied-health provider,Compulsory third-party insurance,2024-12-25,2025-10-18,Discontinued,Modified duties,Reduced hours,No further improvement
E00018,P0012,Hip condition,Hip,"Slip, trip or fall",Manufacturing,Medium,General practitioner,Medicare-supported care,2025-05-07,2025-06-17,Completed,Full duties,Modified duties,Goals achieved
E00019,P0012,Low back pain,Lumbar spine,Repetitive movement or overuse,Education,Light,Self-referral,Private health insurance,2026-01-17,2026-02-15,Discontinued,Full duties,Full duties,Lost to follow-up
E00020,P0013,Shoulder condition,Shoulder,Gradual or non-specific onset,Trades,Very heavy,Insurer or case manager,Workers' compensation,2024-02-14,2024-07-11,Discontinued,Full duties,Not working,Patient discontinued
E00021,P0014,Wrist or hand condition,Wrist or hand,"Slip, trip or fall",Trades,Heavy,General practitioner,Medicare-supported care,2025-12-18,2026-05-08,Completed,Full duties,Full duties,Goals achieved
E00022,P0014,Ankle or foot condition,Ankle or foot,Gradual or non-specific onset,Office or administration,Sedentary,Insurer or case manager,Workers' compensation,2026-05-09,2026-09-28,Completed,Full duties,Full duties,Patient discontinued
E00023,P0015,Other,Other,Gradual or non-specific onset,Manufacturing,Medium,General practitioner,Workers' compensation,2025-04-22,2025-05-21,Completed,Modified duties,Modified duties,Lost to follow-up
E00024,P0016,Shoulder condition,Shoulder,Sports or exercise,Construction,Heavy,Specialist,Self-funded,2025-03-23,2025-05-26,Completed,Reduced hours,Full duties,Patient discontinued
E00025,P0017,Knee condition,Knee,Manual handling or lifting,Trades,Heavy,Other allied-health provider,Workers' compensation,2025-06-02,,Active,Full duties,,
E00026,P0018,Neck pain,Cervical spine,Motor vehicle accident,Manufacturing,Medium,Other,Self-funded,2024-07-28,2024-09-26,Discontinued,Reduced hours,Reduced hours,Goals achieved
E00027,P0019,Multiple regions,Multiple regions,Repetitive movement or overuse,Healthcare,Medium,Other allied-health provider,Private health insurance,2025-08-05,2025-09-06,Completed,Not working,Not working,Goals achieved
E00028,P0019,Neck pain,Cervical spine,Repetitive movement or overuse,Construction,Heavy,Employer,Medicare-supported care,2026-03-03,2026-04-11,Completed,Full duties,Full duties,Goals achieved
E00029,P0020,Ankle or foot condition,Ankle or foot,Manual handling or lifting,Healthcare,Medium,General practitioner,Compulsory third-party insurance,2025-12-26,2026-02-18,Completed,Reduced hours,Full duties,Goals achieved
E00030,P0021,Shoulder condition,Shoulder,Gradual or non-specific onset,Transport,Medium,Other allied-health provider,Medicare-supported care,2024-12-06,2025-07-12,Completed,Full duties,Full duties,Lost to follow-up
E00031,P0021,Knee condition,Knee,Direct impact,Construction,Medium,Other allied-health provider,Self-funded,2025-11-02,2025-12-25,Completed,Modified duties,Full duties,Patient discontinued
E00032,P0022,Ankle or foot condition,Ankle or foot,Gradual or non-specific onset,Office or administration,Sedentary,Self-referral,Private health insurance,2024-05-07,2024-08-03,Completed,Reduced hours,Modified duties,Goals achieved
E00033,P0023,Shoulder condition,Shoulder,Manual handling or lifting,Trades,Very heavy,Self-referral,Self-funded,2025-01-11,2025-03-29,Completed,Full duties,Full duties,Lost to follow-up
E00034,P0023,Elbow condition,Elbow,Gradual or non-specific onset,Education,Light,General practitioner,Medicare-supported care,2025-08-07,2025-08-18,Completed,Full duties,Full duties,Other
E00035,P0023,Shoulder condition,Shoulder,Manual handling or lifting,Construction,Heavy,Employer,Workers' compensation,2026-03-04,,Active,Not working,,
E00036,P0024,Knee condition,Knee,Manual handling or lifting,Construction,Heavy,Specialist,Department of Veterans' Affairs,2024-07-12,2024-12-17,Completed,Full duties,Full duties,Patient discontinued
E00037,P0024,Neck pain,Cervical spine,"Slip, trip or fall",Other,Light,Self-referral,Self-funded,2025-08-20,2026-01-03,Completed,Reduced hours,Reduced hours,No further improvement
E00038,P0025,Shoulder condition,Shoulder,Sports or exercise,Transport,Heavy,Self-referral,Self-funded,2024-12-30,2025-01-29,Completed,Reduced hours,Reduced hours,Other
E00039,P0025,Shoulder condition,Shoulder,"Slip, trip or fall",Manufacturing,Medium,Employer,Workers' compensation,2025-11-14,2026-02-05,Completed,Full duties,Full duties,Goals achieved
E00040,P0026,Low back pain,Lumbar spine,Manual handling or lifting,Construction,Heavy,General practitioner,Private health insurance,2025-09-02,,Active,Reduced hours,,
E00041,P0027,Low back pain,Lumbar spine,Manual handling or lifting,Construction,Very heavy,Other allied-health provider,Department of Veterans' Affairs,2024-04-20,2024-08-16,Completed,Modified duties,Modified duties,Other
E00042,P0029,Knee condition,Knee,Gradual or non-specific onset,Office or administration,Sedentary,General practitioner,Self-funded,2024-08-06,,Active,Full duties,,
E00043,P0030,Knee condition,Knee,Sports or exercise,Transport,Medium,General practitioner,Private health insurance,2026-05-21,2026-07-24,Completed,Not working,Full duties,No further improvement
E00044,P0031,Knee condition,Knee,Gradual or non-specific onset,Office or administration,Sedentary,General practitioner,Private health insurance,2025-12-14,2026-03-10,Completed,Modified duties,Full duties,Goals achieved
E00045,P0032,Low back pain,Lumbar spine,Repetitive movement or overuse,Office or administration,Sedentary,Specialist,Medicare-supported care,2024-09-22,2025-05-13,Completed,Reduced hours,Full duties,No further improvement
E00046,P0032,Neck pain,Cervical spine,Gradual or non-specific onset,Transport,Medium,Insurer or case manager,Workers' compensation,2025-05-25,2025-07-29,Discontinued,Full duties,Not working,Goals achieved
E00047,P0032,Low back pain,Lumbar spine,"Slip, trip or fall",Not currently employed,,General practitioner,Medicare-supported care,2026-01-26,2026-05-31,Completed,Not applicable,Not applicable,Goals achieved
E00048,P0033,Ankle or foot condition,Ankle or foot,"Slip, trip or fall",Education,Light,General practitioner,Workers' compensation,2025-07-02,,Active,Full duties,,
E00049,P0034,Wrist or hand condition,Wrist or hand,Motor vehicle accident,Retail or hospitality,Light,Self-referral,Self-funded,2024-04-17,2024-07-09,Completed,Reduced hours,Modified duties,No further improvement
E00050,P0035,Low back pain,Lumbar spine,Gradual or non-specific onset,Retail or hospitality,Medium,General practitioner,Medicare-supported care,2024-04-07,,Active,Reduced hours,,
E00051,P0036,Knee condition,Knee,Other,Retail or hospitality,Light,Insurer or case manager,Compulsory third-party insurance,2026-07-20,2026-08-23,Completed,Full duties,Full duties,Goals achieved
E00052,P0037,Low back pain,Lumbar spine,Manual handling or lifting,Healthcare,Light,General practitioner,Private health insurance,2026-02-20,2026-06-06,Completed,Reduced hours,Modified duties,Goals achieved
E00053,P0038,Low back pain,Lumbar spine,Manual handling or lifting,Retail or hospitality,Light,Specialist,Workers' compensation,2024-05-30,2024-07-18,Completed,Modified duties,Not working,Goals achieved
E00054,P0039,Low back pain,Lumbar spine,Gradual or non-specific onset,Retail or hospitality,Medium,Self-referral,Private health insurance,2024-10-02,2024-10-06,Discontinued,Full duties,Full duties,Goals achieved
E00055,P0040,Neck pain,Cervical spine,Manual handling or lifting,Manufacturing,Heavy,Self-referral,Self-funded,2024-07-11,2024-08-10,Completed,Not working,Not working,Goals achieved
E00056,P0041,Knee condition,Knee,Manual handling or lifting,Trades,Very heavy,Self-referral,Self-funded,2025-01-19,2025-05-07,Completed,Reduced hours,Full duties,Goals achieved
E00057,P0042,Elbow condition,Elbow,Gradual or non-specific onset,Other,Light,General practitioner,Medicare-supported care,2024-10-10,2024-11-15,Completed,Modified duties,Full duties,Goals achieved
E00058,P0042,Low back pain,Lumbar spine,Manual handling or lifting,Office or administration,Sedentary,General practitioner,Private health insurance,2025-10-04,,Active,Not working,,
E00059,P0043,Shoulder condition,Shoulder,Repetitive movement or overuse,Healthcare,Medium,General practitioner,Self-funded,2024-11-15,2025-11-08,Completed,Modified duties,Reduced hours,Goals achieved
E00060,P0044,Ankle or foot condition,Ankle or foot,"Slip, trip or fall",Construction,Heavy,General practitioner,Workers' compensation,2025-05-30,2025-07-12,Completed,Not working,Full duties,Referred to another provider
E00061,P0045,Multiple regions,Multiple regions,Sports or exercise,Healthcare,Medium,Other,Private health insurance,2024-07-03,2024-08-24,Completed,Not working,Not working,Goals achieved
E00062,P0045,Knee condition,Knee,Manual handling or lifting,Construction,Very heavy,General practitioner,Workers' compensation,2025-08-16,,Active,Full duties,,
E00063,P0046,Low back pain,Lumbar spine,Gradual or non-specific onset,Office or administration,Sedentary,General practitioner,Compulsory third-party insurance,2026-05-09,2026-07-18,Completed,Modified duties,Full duties,Referred to another provider
E00064,P0046,Knee condition,Knee,"Slip, trip or fall",Education,Light,General practitioner,Private health insurance,2026-07-19,2026-09-28,Completed,Not working,Reduced hours,Patient discontinued
E00065,P0047,Neck pain,Cervical spine,Gradual or non-specific onset,Retail or hospitality,Medium,Specialist,Private health insurance,2025-12-09,2026-01-19,Completed,Not working,Reduced hours,Goals achieved
E00066,P0048,Multiple regions,Multiple regions,Gradual or non-specific onset,Not currently employed,,Other allied-health provider,Other,2026-01-10,2026-05-31,Completed,Not applicable,Not applicable,Goals achieved
E00067,P0049,Neck pain,Cervical spine,Gradual or non-specific onset,Office or administration,Sedentary,Employer,Private health insurance,2024-06-14,,Active,Full duties,,
E00068,P0050,Knee condition,Knee,Sports or exercise,Office or administration,Light,Self-referral,Private health insurance,2025-11-20,2026-02-01,Completed,Full duties,Full duties,Goals achieved
E00069,P0051,Low back pain,Lumbar spine,Manual handling or lifting,Healthcare,Medium,Insurer or case manager,Compulsory third-party insurance,2026-03-25,,Active,Full duties,,
E00070,P0053,Shoulder condition,Shoulder,Repetitive movement or overuse,Office or administration,Sedentary,General practitioner,Medicare-supported care,2026-01-01,2026-05-08,Completed,Not working,Not working,Goals achieved
E00071,P0053,Wrist or hand condition,Wrist or hand,Manual handling or lifting,Construction,Very heavy,Insurer or case manager,Workers' compensation,2026-05-16,,Active,Not working,,
E00072,P0054,Knee condition,Knee,Manual handling or lifting,Other,Medium,Insurer or case manager,Workers' compensation,2024-12-14,2025-01-28,Completed,Not working,Not working,Goals achieved
E00073,P0055,Shoulder condition,Shoulder,Manual handling or lifting,Construction,Heavy,General practitioner,Compulsory third-party insurance,2026-02-06,2026-03-03,Completed,Full duties,Full duties,Goals achieved
E00074,P0056,Elbow condition,Elbow,Gradual or non-specific onset,Construction,Heavy,Specialist,Workers' compensation,2025-04-10,2025-06-09,Completed,Not working,Full duties,Goals achieved
E00075,P0056,Wrist or hand condition,Wrist or hand,Manual handling or lifting,Manufacturing,Heavy,General practitioner,Workers' compensation,2026-01-03,2026-02-21,Completed,Full duties,Full duties,Lost to follow-up
E00076,P0057,Neck pain,Cervical spine,Sports or exercise,Retail or hospitality,Medium,General practitioner,Medicare-supported care,2026-02-20,2026-05-09,Completed,Modified duties,Full duties,Lost to follow-up
E00077,P0058,Shoulder condition,Shoulder,Manual handling or lifting,Manufacturing,Medium,Insurer or case manager,Workers' compensation,2024-05-23,2024-06-09,Completed,Full duties,Full duties,Goals achieved
E00078,P0059,Shoulder condition,Shoulder,Gradual or non-specific onset,Healthcare,Heavy,General practitioner,Self-funded,2025-01-13,2025-06-25,Completed,Modified duties,Not working,Goals achieved
E00079,P0060,Knee condition,Knee,Sports or exercise,Education,Light,Specialist,Self-funded,2024-09-23,2025-04-27,Completed,Modified duties,Full duties,Referred to another provider
E00080,P0061,Neck pain,Cervical spine,Gradual or non-specific onset,Office or administration,Sedentary,Other,Self-funded,2024-08-29,2025-01-04,Discontinued,Full duties,Full duties,Goals achieved
E00081,P0062,Low back pain,Lumbar spine,Gradual or non-specific onset,Healthcare,Light,Self-referral,Self-funded,2024-10-27,2024-12-06,Completed,Full duties,Modified duties,Goals achieved
E00082,P0063,Elbow condition,Elbow,Gradual or non-specific onset,Transport,Sedentary,Self-referral,Self-funded,2025-01-07,,Active,Not working,,
E00083,P0064,Elbow condition,Elbow,Manual handling or lifting,Trades,Medium,Self-referral,Self-funded,2024-05-03,2024-05-29,Completed,Full duties,Full duties,Goals achieved
E00084,P0064,Hip condition,Hip,Manual handling or lifting,Healthcare,Light,Insurer or case manager,Workers' compensation,2025-07-16,2025-08-19,Completed,Modified duties,Modified duties,Patient discontinued
E00085,P0065,Multiple regions,Multiple regions,Sports or exercise,Manufacturing,Medium,General practitioner,Self-funded,2025-11-19,2025-12-13,Completed,Full duties,Full duties,Referred to another provider
E00086,P0066,Ankle or foot condition,Ankle or foot,Gradual or non-specific onset,Office or administration,Sedentary,General practitioner,Private health insurance,2025-06-19,2025-06-23,Completed,Full duties,Full duties,Lost to follow-up
E00087,P0067,Ankle or foot condition,Ankle or foot,Sports or exercise,Office or administration,Sedentary,Self-referral,Private health insurance,2026-03-18,,Active,Full duties,,
E00088,P0068,Ankle or foot condition,Ankle or foot,Gradual or non-specific onset,Office or administration,Sedentary,Other allied-health provider,Private health insurance,2025-11-17,2025-12-23,Completed,Reduced hours,Modified duties,Referred to another provider
E00089,P0070,Shoulder condition,Shoulder,Repetitive movement or overuse,Transport,Sedentary,General practitioner,Workers' compensation,2024-03-09,2024-06-17,Completed,Modified duties,Full duties,No further improvement
E00090,P0071,Shoulder condition,Shoulder,Sports or exercise,Construction,Very heavy,Self-referral,Self-funded,2025-02-15,2025-02-16,Completed,Full duties,Full duties,Referred to another provider
E00091,P0072,Low back pain,Lumbar spine,Manual handling or lifting,Transport,Heavy,Other,Self-funded,2025-04-13,,Active,Not working,,
E00092,P0073,Knee condition,Knee,Gradual or non-specific onset,Office or administration,Sedentary,General practitioner,Medicare-supported care,2024-08-22,2024-11-10,Completed,Full duties,Full duties,No further improvement
E00093,P0073,Neck pain,Cervical spine,Manual handling or lifting,Trades,Very heavy,General practitioner,Private health insurance,2025-09-10,2025-11-06,Discontinued,Not working,Reduced hours,Goals achieved
E00094,P0074,Low back pain,Lumbar spine,Other,Trades,Very heavy,Self-referral,Private health insurance,2026-01-31,,Active,Full duties,,
E00095,P0075,Knee condition,Knee,Direct impact,Office or administration,Sedentary,General practitioner,Medicare-supported care,2025-07-20,2025-09-22,Discontinued,Not working,Full duties,Goals achieved
E00096,P0076,Shoulder condition,Shoulder,Gradual or non-specific onset,Office or administration,Sedentary,General practitioner,Self-funded,2025-12-29,2026-02-19,Completed,Full duties,Full duties,Goals achieved
E00097,P0077,Low back pain,Lumbar spine,Sports or exercise,Office or administration,Sedentary,Employer,Workers' compensation,2024-04-16,2024-09-20,Completed,Modified duties,Full duties,Goals achieved
E00098,P0078,Hip condition,Hip,Manual handling or lifting,Trades,Heavy,General practitioner,Medicare-supported care,2026-03-04,2026-03-19,Completed,Reduced hours,Reduced hours,Goals achieved
E00099,P0079,Wrist or hand condition,Wrist or hand,Gradual or non-specific onset,Construction,Heavy,Self-referral,Compulsory third-party insurance,2024-07-19,,Active,Modified duties,,
E00100,P0080,Low back pain,Lumbar spine,Sports or exercise,Retail or hospitality,Light,Self-referral,Private health insurance,2025-03-12,2025-05-11,Completed,Not working,Reduced hours,Patient discontinued
E00101,P0080,Low back pain,Lumbar spine,Manual handling or lifting,Healthcare,Medium,Employer,Workers' compensation,2025-12-20,2026-01-17,Completed,Full duties,Full duties,Goals achieved
E00102,P0081,Neck pain,Cervical spine,Repetitive movement or overuse,Education,Medium,Employer,Workers' compensation,2025-03-03,,Active,Modified duties,,
E00103,P0082,Hip condition,Hip,"Slip, trip or fall",Retail or hospitality,Light,Employer,Private health insurance,2026-03-10,2026-04-28,Completed,Not working,Reduced hours,Goals achieved
E00104,P0083,Hip condition,Hip,Manual handling or lifting,Retail or hospitality,Light,Insurer or case manager,Compulsory third-party insurance,2024-09-26,2024-10-11,Completed,Not working,Modified duties,Patient discontinued
E00105,P0083,Low back pain,Lumbar spine,Sports or exercise,Other,Light,Self-referral,Self-funded,2025-09-27,,Active,Modified duties,,
E00106,P0084,Ankle or foot condition,Ankle or foot,Manual handling or lifting,Office or administration,Sedentary,Employer,Medicare-supported care,2024-08-22,2024-10-25,Completed,Modified duties,Full duties,Referred to another provider
E00107,P0086,Low back pain,Lumbar spine,Gradual or non-specific onset,Trades,Very heavy,Insurer or case manager,Workers' compensation,2024-12-17,2024-12-22,Completed,Not working,Not working,Goals achieved
E00108,P0087,Neck pain,Cervical spine,Manual handling or lifting,Office or administration,Light,General practitioner,Workers' compensation,2024-06-25,,Active,Not working,,
E00109,P0088,Other,Other,Direct impact,Retail or hospitality,Medium,Other allied-health provider,Private health insurance,2024-06-20,2024-08-08,Completed,Not working,Not working,Referred to another provider
E00110,P0089,Low back pain,Lumbar spine,Manual handling or lifting,Trades,Medium,Insurer or case manager,Compulsory third-party insurance,2024-08-13,2024-10-30,Completed,Not working,Not working,Goals achieved
E00111,P0090,Low back pain,Lumbar spine,Gradual or non-specific onset,Transport,Sedentary,Self-referral,Self-funded,2025-03-31,2025-04-17,Completed,Modified duties,Full duties,Goals achieved
E00112,P0091,Shoulder condition,Shoulder,Sports or exercise,Transport,Medium,General practitioner,Private health insurance,2024-11-30,,Active,Reduced hours,,
E00113,P0092,Knee condition,Knee,Direct impact,Construction,Very heavy,Self-referral,Private health insurance,2025-01-16,,Active,Modified duties,,
E00114,P0093,Elbow condition,Elbow,Motor vehicle accident,Healthcare,Heavy,General practitioner,Compulsory third-party insurance,2025-12-01,,Active,Full duties,,
E00115,P0094,Other,Other,Repetitive movement or overuse,Healthcare,Medium,Specialist,Private health insurance,2024-08-22,2025-05-27,Completed,Not working,Full duties,No further improvement
E00116,P0095,Low back pain,Lumbar spine,Manual handling or lifting,Retail or hospitality,Medium,Specialist,Workers' compensation,2026-06-05,,Active,Reduced hours,,
E00117,P0096,Low back pain,Lumbar spine,Repetitive movement or overuse,Retail or hospitality,Medium,General practitioner,Workers' compensation,2026-01-02,2026-02-16,Completed,Full duties,Full duties,Referred to another provider
E00118,P0097,Hip condition,Hip,"Slip, trip or fall",Healthcare,Medium,General practitioner,Private health insurance,2024-06-19,,Active,Reduced hours,,
E00119,P0098,Low back pain,Lumbar spine,"Slip, trip or fall",Construction,Heavy,Insurer or case manager,Workers' compensation,2024-11-01,2025-04-06,Completed,Full duties,Full duties,Goals achieved
E00120,P0099,Wrist or hand condition,Wrist or hand,"Slip, trip or fall",Construction,Heavy,General practitioner,Private health insurance,2024-06-27,2024-09-26,Completed,Full duties,Full duties,Goals achieved
E00121,P0100,Knee condition,Knee,Manual handling or lifting,Healthcare,Medium,Insurer or case manager,Compulsory third-party insurance,2024-09-22,2024-11-25,Completed,Reduced hours,Not working,Goals achieved
E00122,P0100,Low back pain,Lumbar spine,Gradual or non-specific onset,Office or administration,Light,General practitioner,Medicare-supported care,2025-05-25,2025-09-08,Completed,Reduced hours,Full duties,Goals achieved
E00123,P0100,Hip condition,Hip,Manual handling or lifting,Trades,Heavy,Self-referral,Self-funded,2026-01-26,2026-04-12,Completed,Modified duties,Modified duties,Goals achieved
E00124,P0101,Low back pain,Lumbar spine,Gradual or non-specific onset,Manufacturing,Medium,Self-referral,Self-funded,2024-12-21,2025-02-04,Completed,Full duties,Full duties,Goals achieved
E00125,P0101,Shoulder condition,Shoulder,Gradual or non-specific onset,Office or administration,Sedentary,General practitioner,Self-funded,2025-11-09,2026-03-13,Completed,Modified duties,Full duties,Goals achieved
E00126,P0102,Knee condition,Knee,Manual handling or lifting,Transport,Medium,Specialist,Department of Veterans' Affairs,2024-05-07,2024-06-06,Completed,Full duties,Full duties,Patient discontinued
E00127,P0103,Shoulder condition,Shoulder,Repetitive movement or overuse,Trades,Heavy,Self-referral,Self-funded,2024-01-15,,Active,Not working,,
E00128,P0104,Knee condition,Knee,"Slip, trip or fall",Construction,Heavy,General practitioner,Workers' compensation,2025-03-03,2025-03-27,Completed,Full duties,Full duties,Goals achieved
E00129,P0104,Knee condition,Knee,Sports or exercise,Office or administration,Sedentary,General practitioner,Compulsory third-party insurance,2025-09-10,2025-10-03,Discontinued,Not working,Reduced hours,Goals achieved
E00130,P0104,Other,Other,"Slip, trip or fall",Office or administration,Sedentary,Specialist,Private health insurance,2026-03-21,2026-04-19,Completed,Full duties,Full duties,Goals achieved
E00131,P0105,Other,Other,Sports or exercise,Office or administration,Sedentary,Specialist,Self-funded,2025-11-13,2025-11-15,Completed,Full duties,Full duties,Patient discontinued
E00132,P0105,Shoulder condition,Shoulder,Sports or exercise,Education,Medium,Self-referral,Private health insurance,2026-04-22,2026-05-02,Completed,Modified duties,Full duties,Goals achieved
E00133,P0106,Low back pain,Lumbar spine,Gradual or non-specific onset,Other,Light,Insurer or case manager,Workers' compensation,2024-10-22,2025-03-28,Discontinued,Not working,Not working,Goals achieved
E00134,P0107,Ankle or foot condition,Ankle or foot,Repetitive movement or overuse,Office or administration,Sedentary,General practitioner,Self-funded,2026-04-18,2026-08-02,Completed,Not working,Reduced hours,Goals achieved
E00135,P0108,Multiple regions,Multiple regions,Gradual or non-specific onset,Transport,Sedentary,General practitioner,Department of Veterans' Affairs,2024-12-25,2025-02-21,Completed,Modified duties,Full duties,No further improvement
E00136,P0109,Neck pain,Cervical spine,Gradual or non-specific onset,Office or administration,Sedentary,Self-referral,Self-funded,2026-05-27,,Active,Full duties,,
E00137,P0110,Shoulder condition,Shoulder,Gradual or non-specific onset,Manufacturing,Heavy,Self-referral,Private health insurance,2024-08-17,2024-10-11,Discontinued,Full duties,Reduced hours,Goals achieved
E00138,P0110,Shoulder condition,Shoulder,"Slip, trip or fall",Education,Medium,Specialist,Medicare-supported care,2025-09-07,2026-06-29,Discontinued,Modified duties,Full duties,No further improvement
E00139,P0111,Low back pain,Lumbar spine,Sports or exercise,Healthcare,Medium,General practitioner,Medicare-supported care,2025-06-09,,Active,Full duties,,
E00140,P0112,Knee condition,Knee,Direct impact,Office or administration,Sedentary,Specialist,Workers' compensation,2026-01-13,2026-02-24,Completed,Not working,Not working,Goals achieved
E00141,P0113,Neck pain,Cervical spine,Other,Manufacturing,Heavy,Employer,Workers' compensation,2024-02-27,2024-05-16,Completed,Modified duties,Full duties,Patient discontinued
E00142,P0114,Hip condition,Hip,Motor vehicle accident,Other,Medium,General practitioner,Self-funded,2026-06-24,2026-08-02,Completed,Not working,Modified duties,Goals achieved
E00143,P0115,Hip condition,Hip,Gradual or non-specific onset,Construction,Heavy,Specialist,Workers' compensation,2024-12-21,2024-12-23,Completed,Not working,Not working,Patient discontinued
E00144,P0116,Hip condition,Hip,Motor vehicle accident,Construction,Very heavy,Self-referral,Private health insurance,2025-04-29,2025-05-26,Completed,Full duties,Full duties,Goals achieved
E00145,P0116,Shoulder condition,Shoulder,"Slip, trip or fall",Office or administration,Sedentary,General practitioner,Private health insurance,2026-01-13,,Active,Modified duties,,
E00146,P0117,Neck pain,Cervical spine,Motor vehicle accident,Manufacturing,Medium,General practitioner,Compulsory third-party insurance,2025-09-04,2025-09-28,Completed,Not working,Modified duties,Patient discontinued
E00147,P0117,Ankle or foot condition,Ankle or foot,Gradual or non-specific onset,Manufacturing,Medium,General practitioner,Workers' compensation,2026-03-18,2026-08-26,Completed,Modified duties,Full duties,Patient discontinued
E00148,P0118,Hip condition,Hip,Gradual or non-specific onset,Education,Light,Insurer or case manager,Private health insurance,2025-09-18,2025-12-10,Discontinued,Modified duties,Reduced hours,Goals achieved
E00149,P0119,Shoulder condition,Shoulder,Direct impact,Education,Medium,General practitioner,Private health insurance,2024-01-24,2024-01-26,Completed,Not working,Reduced hours,Goals achieved
E00150,P0120,Wrist or hand condition,Wrist or hand,Gradual or non-specific onset,Trades,Heavy,General practitioner,Compulsory third-party insurance,2026-04-24,2026-05-15,Completed,Full duties,Full duties,Patient discontinued
E00151,P0121,Low back pain,Lumbar spine,Manual handling or lifting,Education,Light,General practitioner,Private health insurance,2025-08-30,2025-09-21,Completed,Not working,Reduced hours,Patient discontinued
E00152,P0122,Wrist or hand condition,Wrist or hand,Manual handling or lifting,Construction,Heavy,General practitioner,Private health insurance,2026-08-30,2026-09-28,Completed,Full duties,Full duties,Goals achieved
E00153,P0123,Low back pain,Lumbar spine,Gradual or non-specific onset,Manufacturing,Medium,General practitioner,Private health insurance,2025-04-04,2025-10-28,Completed,Modified duties,Not working,Goals achieved
E00154,P0124,Low back pain,Lumbar spine,Gradual or non-specific onset,Construction,Heavy,Self-referral,Private health insurance,2025-08-20,2025-08-26,Completed,Full duties,Full duties,Goals achieved
E00155,P0126,Shoulder condition,Shoulder,Other,Healthcare,Light,General practitioner,Private health insurance,2026-05-16,2026-07-04,Completed,Modified duties,Modified duties,Lost to follow-up
E00156,P0127,Low back pain,Lumbar spine,Motor vehicle accident,Not currently employed,,General practitioner,Department of Veterans' Affairs,2026-03-21,2026-04-29,Completed,Not applicable,Not applicable,Goals achieved
E00157,P0128,Low back pain,Lumbar spine,Motor vehicle accident,Transport,Medium,General practitioner,Self-funded,2026-06-03,,Active,Full duties,,
E00158,P0129,Low back pain,Lumbar spine,Manual handling or lifting,Other,Light,Self-referral,Self-funded,2025-05-06,2025-07-22,Completed,Full duties,Full duties,Lost to follow-up
E00159,P0130,Shoulder condition,Shoulder,Manual handling or lifting,Healthcare,Heavy,General practitioner,Workers' compensation,2026-02-09,2026-06-12,Completed,Modified duties,Modified duties,No further improvement
E00160,P0131,Ankle or foot condition,Ankle or foot,Manual handling or lifting,Retail or hospitality,Light,Employer,Workers' compensation,2024-12-15,2025-02-22,Completed,Full duties,Reduced hours,Goals achieved
E00161,P0132,Low back pain,Lumbar spine,Manual handling or lifting,Retail or hospitality,Medium,Employer,Workers' compensation,2025-03-24,2025-04-05,Discontinued,Reduced hours,Reduced hours,Lost to follow-up
E00162,P0132,Knee condition,Knee,Gradual or non-specific onset,Office or administration,Light,Employer,Workers' compensation,2025-12-26,2026-02-09,Completed,Full duties,Full duties,Goals achieved
E00163,P0133,Hip condition,Hip,Sports or exercise,Construction,Medium,General practitioner,Workers' compensation,2026-01-10,2026-02-07,Completed,Full duties,Full duties,Goals achieved
E00164,P0134,Low back pain,Lumbar spine,Other,Retail or hospitality,Light,Insurer or case manager,Workers' compensation,2024-03-20,2024-04-16,Completed,Full duties,Full duties,Goals achieved
E00165,P0135,Low back pain,Lumbar spine,Repetitive movement or overuse,Office or administration,Light,Employer,Workers' compensation,2025-11-23,,Active,Modified duties,,
E00166,P0137,Wrist or hand condition,Wrist or hand,Gradual or non-specific onset,Not currently employed,,General practitioner,Workers' compensation,2025-07-19,2025-08-24,Completed,Not applicable,Not applicable,Goals achieved
E00167,P0137,Hip condition,Hip,Manual handling or lifting,Office or administration,Sedentary,Self-referral,Workers' compensation,2025-12-11,2026-02-06,Completed,Full duties,Full duties,No further improvement
E00168,P0137,Shoulder condition,Shoulder,Gradual or non-specific onset,Construction,Heavy,Specialist,Private health insurance,2026-05-06,,Active,Full duties,,
E00169,P0138,Hip condition,Hip,Gradual or non-specific onset,Education,Light,General practitioner,Workers' compensation,2025-04-09,,Active,Modified duties,,
E00170,P0139,Low back pain,Lumbar spine,Repetitive movement or overuse,Office or administration,Sedentary,Self-referral,Workers' compensation,2025-04-01,2025-04-26,Completed,Reduced hours,Full duties,Referred to another provider
E00171,P0139,Neck pain,Cervical spine,Manual handling or lifting,Trades,Heavy,Self-referral,Self-funded,2025-12-30,2026-02-10,Completed,Reduced hours,Full duties,Goals achieved
E00172,P0140,Ankle or foot condition,Ankle or foot,Manual handling or lifting,Transport,Heavy,General practitioner,Medicare-supported care,2025-04-26,2025-06-24,Completed,Full duties,Full duties,Goals achieved
E00173,P0141,Low back pain,Lumbar spine,"Slip, trip or fall",Office or administration,Sedentary,Other allied-health provider,Self-funded,2025-04-24,2025-05-27,Completed,Not working,Not working,Goals achieved
E00174,P0142,Ankle or foot condition,Ankle or foot,Gradual or non-specific onset,Transport,Medium,General practitioner,Private health insurance,2025-01-31,2025-05-11,Completed,Reduced hours,Reduced hours,Lost to follow-up
E00175,P0143,Shoulder condition,Shoulder,Gradual or non-specific onset,Manufacturing,Heavy,General practitioner,Medicare-supported care,2025-03-15,2025-07-24,Completed,Reduced hours,Full duties,Goals achieved
E00176,P0143,Ankle or foot condition,Ankle or foot,Gradual or non-specific onset,Education,Light,General practitioner,Private health insurance,2025-12-21,,Active,Full duties,,
E00177,P0144,Shoulder condition,Shoulder,Gradual or non-specific onset,Education,Light,Self-referral,Self-funded,2025-07-07,2025-09-27,Discontinued,Full duties,Full duties,Patient discontinued
E00178,P0145,Neck pain,Cervical spine,Manual handling or lifting,Transport,Sedentary,Insurer or case manager,Self-funded,2026-01-13,2026-01-15,Completed,Modified duties,Modified duties,Patient discontinued
E00179,P0146,Low back pain,Lumbar spine,"Slip, trip or fall",Manufacturing,Medium,Insurer or case manager,Compulsory third-party insurance,2025-06-21,,Active,Full duties,,
E00180,P0147,Low back pain,Lumbar spine,Motor vehicle accident,Healthcare,Medium,Insurer or case manager,Self-funded,2025-09-17,2025-09-27,Completed,Reduced hours,Full duties,Goals achieved
E00181,P0148,Ankle or foot condition,Ankle or foot,Repetitive movement or overuse,Transport,Sedentary,Specialist,Workers' compensation,2026-03-25,2026-06-13,Completed,Full duties,Full duties,No further improvement
E00182,P0149,Low back pain,Lumbar spine,Gradual or non-specific onset,Not currently employed,,General practitioner,Medicare-supported care,2026-08-21,2026-09-28,Completed,Not applicable,Not applicable,Goals achieved
E00183,P0151,Low back pain,Lumbar spine,Gradual or non-specific onset,Manufacturing,Medium,Self-referral,Workers' compensation,2025-11-25,2026-04-19,Completed,Full duties,Full duties,Goals achieved
E00184,P0151,Low back pain,Lumbar spine,Manual handling or lifting,Transport,Medium,General practitioner,Compulsory third-party insurance,2026-04-28,2026-06-05,Completed,Full duties,Full duties,Goals achieved
E00185,P0152,Low back pain,Lumbar spine,Manual handling or lifting,Retail or hospitality,Medium,Insurer or case manager,Workers' compensation,2024-08-07,2024-08-13,Completed,Full duties,Full duties,Goals achieved
E00186,P0152,Hip condition,Hip,Motor vehicle accident,Education,Light,Self-referral,Self-funded,2025-09-02,,Active,Modified duties,,
E00187,P0153,Neck pain,Cervical spine,Repetitive movement or overuse,Other,Medium,Self-referral,Compulsory third-party insurance,2024-07-10,2024-12-08,Completed,Full duties,Full duties,Other
E00188,P0154,Other,Other,Gradual or non-specific onset,Office or administration,Sedentary,Self-referral,Self-funded,2026-02-11,2026-02-20,Completed,Modified duties,Full duties,Goals achieved
E00189,P0155,Low back pain,Lumbar spine,Manual handling or lifting,Construction,Heavy,Employer,Private health insurance,2024-03-07,2024-03-18,Completed,Full duties,Full duties,Lost to follow-up
E00190,P0156,Knee condition,Knee,Gradual or non-specific onset,Retail or hospitality,Light,General practitioner,Private health insurance,2026-04-05,2026-06-15,Completed,Modified duties,Modified duties,Patient discontinued
E00191,P0157,Shoulder condition,Shoulder,Motor vehicle accident,Retail or hospitality,Light,General practitioner,Medicare-supported care,2026-01-20,2026-05-20,Completed,Not working,Not working,Referred to another provider
E00192,P0158,Neck pain,Cervical spine,Gradual or non-specific onset,Manufacturing,Medium,Specialist,Private health insurance,2026-08-26,2026-09-13,Completed,Not working,Full duties,Referred to another provider
E00193,P0159,Wrist or hand condition,Wrist or hand,Gradual or non-specific onset,Office or administration,Sedentary,Employer,Self-funded,2025-10-12,2025-11-18,Completed,Modified duties,Modified duties,Goals achieved
E00194,P0160,Multiple regions,Multiple regions,Gradual or non-specific onset,Healthcare,Medium,General practitioner,Self-funded,2026-04-30,2026-05-06,Completed,Modified duties,Reduced hours,Goals achieved
E00195,P0160,Wrist or hand condition,Wrist or hand,"Slip, trip or fall",Manufacturing,Medium,General practitioner,Workers' compensation,2026-07-15,,Active,Reduced hours,,
E00196,P0161,Low back pain,Lumbar spine,Manual handling or lifting,Manufacturing,Heavy,Self-referral,Private health insurance,2024-04-25,,Active,Not working,,
E00197,P0162,Low back pain,Lumbar spine,Repetitive movement or overuse,Transport,Heavy,Specialist,Medicare-supported care,2026-05-16,2026-06-28,Completed,Modified duties,Modified duties,Patient discontinued
E00198,P0162,Knee condition,Knee,Manual handling or lifting,Transport,Sedentary,Other allied-health provider,Self-funded,2026-07-23,2026-09-21,Completed,Full duties,Reduced hours,Goals achieved
E00199,P0163,Neck pain,Cervical spine,Gradual or non-specific onset,Manufacturing,Heavy,Self-referral,Private health insurance,2024-06-05,2024-09-21,Discontinued,Not working,Not working,Goals achieved
E00200,P0165,Ankle or foot condition,Ankle or foot,Motor vehicle accident,Education,Light,General practitioner,Self-funded,2024-05-04,,Active,Full duties,,
E00201,P0166,Knee condition,Knee,Gradual or non-specific onset,Manufacturing,Heavy,General practitioner,Self-funded,2025-01-26,2025-02-06,Completed,Not working,Not working,Goals achieved
E00202,P0167,Knee condition,Knee,Gradual or non-specific onset,Retail or hospitality,Light,Employer,Workers' compensation,2025-12-30,2026-01-14,Completed,Full duties,Not working,Goals achieved
E00203,P0167,Hip condition,Hip,Repetitive movement or overuse,Manufacturing,Medium,General practitioner,Workers' compensation,2026-05-15,2026-07-15,Discontinued,Full duties,Full duties,Goals achieved
E00204,P0168,Ankle or foot condition,Ankle or foot,Gradual or non-specific onset,Office or administration,Sedentary,Self-referral,Private health insurance,2024-09-18,2024-11-16,Completed,Not working,Reduced hours,Patient discontinued
E00205,P0168,Low back pain,Lumbar spine,Gradual or non-specific onset,Construction,Heavy,Specialist,Medicare-supported care,2025-09-23,,Active,Reduced hours,,
E00206,P0169,Low back pain,Lumbar spine,"Slip, trip or fall",Retail or hospitality,Medium,Self-referral,Self-funded,2026-03-11,2026-05-13,Completed,Modified duties,Reduced hours,No further improvement
E00207,P0170,Knee condition,Knee,Manual handling or lifting,Trades,Heavy,Self-referral,Private health insurance,2025-08-13,2025-08-28,Completed,Not working,Not working,Other
E00208,P0170,Shoulder condition,Shoulder,Gradual or non-specific onset,Transport,Sedentary,General practitioner,Workers' compensation,2025-12-28,2026-02-07,Completed,Not working,Full duties,Goals achieved
E00209,P0170,Low back pain,Lumbar spine,Manual handling or lifting,Office or administration,Sedentary,General practitioner,Workers' compensation,2026-05-14,2026-07-07,Discontinued,Modified duties,Modified duties,Goals achieved
E00210,P0171,Shoulder condition,Shoulder,Sports or exercise,Manufacturing,Heavy,Employer,Workers' compensation,2025-09-04,2025-11-13,Completed,Not working,Modified duties,No further improvement
E00211,P0172,Ankle or foot condition,Ankle or foot,Gradual or non-specific onset,Construction,Very heavy,Self-referral,Self-funded,2026-07-03,2026-09-26,Completed,Full duties,Full duties,Referred to another provider
E00212,P0173,Hip condition,Hip,Gradual or non-specific onset,Transport,Medium,General practitioner,Self-funded,2025-02-24,2025-05-16,Completed,Full duties,Full duties,Patient discontinued
E00213,P0174,Knee condition,Knee,Repetitive movement or overuse,Education,Light,General practitioner,Workers' compensation,2024-12-01,2024-12-12,Completed,Not working,Modified duties,Goals achieved
E00214,P0174,Neck pain,Cervical spine,Repetitive movement or overuse,Manufacturing,Medium,General practitioner,Private health insurance,2025-10-30,,Active,Modified duties,,
E00215,P0175,Low back pain,Lumbar spine,Direct impact,Manufacturing,Heavy,Self-referral,Self-funded,2026-08-26,2026-09-19,Completed,Not working,Reduced hours,Goals achieved
E00216,P0177,Shoulder condition,Shoulder,Manual handling or lifting,Healthcare,Heavy,Self-referral,Other,2025-08-21,,Active,Full duties,,
E00217,P0178,Neck pain,Cervical spine,Gradual or non-specific onset,Retail or hospitality,Medium,Specialist,Workers' compensation,2024-10-15,2025-02-18,Completed,Full duties,Full duties,Goals achieved
E00218,P0178,Knee condition,Knee,Manual handling or lifting,Trades,Very heavy,Self-referral,Self-funded,2025-06-10,2025-10-26,Completed,Full duties,Reduced hours,Patient discontinued
E00219,P0178,Knee condition,Knee,Repetitive movement or overuse,Transport,Sedentary,General practitioner,Private health insurance,2026-02-03,2026-02-28,Completed,Reduced hours,Modified duties,Goals achieved
E00220,P0179,Low back pain,Lumbar spine,Gradual or non-specific onset,Retail or hospitality,Medium,Specialist,Workers' compensation,2024-07-28,2024-08-12,Completed,Not working,Full duties,Patient discontinued
E00221,P0179,Low back pain,Lumbar spine,Repetitive movement or overuse,Healthcare,Medium,General practitioner,Private health insurance,2025-08-28,2025-11-15,Completed,Modified duties,Full duties,Goals achieved
E00222,P0180,Low back pain,Lumbar spine,Gradual or non-specific onset,Office or administration,Sedentary,Other allied-health provider,Private health insurance,2024-06-14,2025-01-23,Completed,Full duties,Full duties,Patient discontinued
E00223,P0181,Wrist or hand condition,Wrist or hand,"Slip, trip or fall",Office or administration,Sedentary,General practitioner,Private health insurance,2024-08-05,2024-10-17,Completed,Full duties,Full duties,Goals achieved
E00224,P0181,Knee condition,Knee,"Slip, trip or fall",Construction,Heavy,Self-referral,Workers' compensation,2025-09-01,2025-10-05,Completed,Full duties,Full duties,Goals achieved
E00225,P0182,Low back pain,Lumbar spine,Manual handling or lifting,Healthcare,Heavy,General practitioner,Workers' compensation,2024-07-09,2024-09-08,Completed,Reduced hours,Full duties,Patient discontinued
E00226,P0182,Wrist or hand condition,Wrist or hand,Direct impact,Not currently employed,,Specialist,Private health insurance,2025-08-19,,Active,Not applicable,,
E00227,P0183,Shoulder condition,Shoulder,Other,Retail or hospitality,Light,General practitioner,Private health insurance,2025-12-28,2026-01-17,Discontinued,Reduced hours,Not working,No further improvement
E00228,P0184,Shoulder condition,Shoulder,Gradual or non-specific onset,Construction,Very heavy,Other allied-health provider,Workers' compensation,2024-02-26,2024-04-06,Completed,Full duties,Full duties,Goals achieved
E00229,P0185,Elbow condition,Elbow,Manual handling or lifting,Office or administration,Sedentary,General practitioner,Workers' compensation,2025-09-05,2025-10-29,Completed,Modified duties,Modified duties,Referred to another provider
E00230,P0185,Low back pain,Lumbar spine,Repetitive movement or overuse,Healthcare,Medium,Insurer or case manager,Workers' compensation,2026-03-18,2026-04-15,Completed,Reduced hours,Full duties,No further improvement
E00231,P0186,Low back pain,Lumbar spine,Gradual or non-specific onset,Education,Medium,Self-referral,Private health insurance,2026-07-13,2026-09-28,Discontinued,Full duties,Not working,Goals achieved
E00232,P0187,Knee condition,Knee,Manual handling or lifting,Healthcare,Medium,General practitioner,Workers' compensation,2026-01-15,2026-02-20,Completed,Modified duties,Modified duties,Goals achieved
E00233,P0188,Low back pain,Lumbar spine,Gradual or non-specific onset,Education,Light,General practitioner,Compulsory third-party insurance,2025-01-27,2025-03-28,Discontinued,Reduced hours,Reduced hours,Goals achieved
E00234,P0189,Knee condition,Knee,Direct impact,Education,Light,General practitioner,Workers' compensation,2024-02-27,2024-03-22,Completed,Modified duties,Not working,Referred to another provider
E00235,P0190,Low back pain,Lumbar spine,Manual handling or lifting,Office or administration,Sedentary,Employer,Private health insurance,2026-03-23,2026-07-25,Completed,Full duties,Full duties,Goals achieved
E00236,P0191,Low back pain,Lumbar spine,Sports or exercise,Manufacturing,Heavy,Insurer or case manager,Workers' compensation,2024-01-04,2024-10-24,Completed,Full duties,Full duties,Goals achieved
E00237,P0191,Low back pain,Lumbar spine,Gradual or non-specific onset,Not currently employed,,General practitioner,Self-funded,2025-05-17,2025-06-06,Completed,Not applicable,Not applicable,Goals achieved
E00238,P0192,Shoulder condition,Shoulder,Gradual or non-specific onset,Healthcare,Medium,Self-referral,Private health insurance,2025-10-25,2025-10-29,Completed,Not working,Not working,Goals achieved
E00239,P0193,Low back pain,Lumbar spine,"Slip, trip or fall",Office or administration,Sedentary,General practitioner,Self-funded,2025-10-15,,Active,Full duties,,
E00240,P0194,Low back pain,Lumbar spine,Gradual or non-specific onset,Not currently employed,,General practitioner,Compulsory third-party insurance,2024-07-05,2024-08-03,Completed,Not applicable,Not applicable,Goals achieved
E00241,P0194,Wrist or hand condition,Wrist or hand,Gradual or non-specific onset,Trades,Medium,Self-referral,Self-funded,2025-08-17,2025-09-17,Completed,Not working,Modified duties,Referred to another provider
E00242,P0195,Neck pain,Cervical spine,Manual handling or lifting,Retail or hospitality,Medium,General practitioner,Medicare-supported care,2025-12-21,2026-02-12,Completed,Modified duties,Full duties,Patient discontinued
E00243,P0196,Neck pain,Cervical spine,Repetitive movement or overuse,Manufacturing,Heavy,General practitioner,Self-funded,2024-06-19,,Active,Modified duties,,
E00244,P0197,Low back pain,Lumbar spine,Manual handling or lifting,Construction,Heavy,Insurer or case manager,Self-funded,2024-08-07,2024-09-17,Completed,Not working,Full duties,Goals achieved
E00245,P0198,Neck pain,Cervical spine,Gradual or non-specific onset,Education,Medium,Specialist,Private health insurance,2026-03-01,2026-05-24,Completed,Full duties,Full duties,Goals achieved
E00246,P0198,Low back pain,Lumbar spine,Manual handling or lifting,Retail or hospitality,Medium,Insurer or case manager,Workers' compensation,2026-06-15,2026-06-30,Completed,Full duties,Full duties,Goals achieved
E00247,P0199,Knee condition,Knee,Gradual or non-specific onset,Office or administration,Light,General practitioner,Private health insurance,2026-08-11,,Active,Full duties,,
E00248,P0200,Low back pain,Lumbar spine,Gradual or non-specific onset,Transport,Sedentary,Insurer or case manager,Self-funded,2024-09-14,,Active,Reduced hours,,
E00249,P0201,Wrist or hand condition,Wrist or hand,Repetitive movement or overuse,Not currently employed,,Self-referral,Private health insurance,2026-06-16,2026-08-06,Discontinued,Not applicable,Not applicable,Referred to another provider
E00250,P0201,Elbow condition,Elbow,Gradual or non-specific onset,Education,Light,Self-referral,Self-funded,2026-08-07,2026-09-23,Completed,Modified duties,Full duties,Patient discontinued
E00251,P0202,Low back pain,Lumbar spine,Manual handling or lifting,Construction,Medium,General practitioner,Workers' compensation,2026-06-08,2026-07-01,Completed,Not working,Not working,Goals achieved
E00252,P0202,Low back pain,Lumbar spine,Repetitive movement or overuse,Office or administration,Sedentary,Insurer or case manager,Private health insurance,2026-07-15,2026-08-21,Completed,Modified duties,Full duties,Goals achieved
E00253,P0202,Low back pain,Lumbar spine,Sports or exercise,Not currently employed,,Self-referral,Private health insurance,2026-08-22,2026-09-28,Completed,Not applicable,Not applicable,Patient discontinued
E00254,P0203,Knee condition,Knee,Gradual or non-specific onset,Not currently employed,,Employer,Other,2026-01-19,2026-03-27,Completed,Not applicable,Not applicable,Goals achieved
E00255,P0204,Low back pain,Lumbar spine,Manual handling or lifting,Retail or hospitality,Medium,Self-referral,Private health insurance,2024-05-16,,Active,Modified duties,,
E00256,P0206,Wrist or hand condition,Wrist or hand,Manual handling or lifting,Manufacturing,Heavy,Employer,Self-funded,2025-10-22,2026-09-09,Completed,Full duties,Full duties,Goals achieved
E00257,P0207,Ankle or foot condition,Ankle or foot,Direct impact,Retail or hospitality,Light,Self-referral,Self-funded,2026-08-31,2026-09-25,Completed,Full duties,Full duties,Referred to another provider
E00258,P0208,Hip condition,Hip,Gradual or non-specific onset,Healthcare,Heavy,Other allied-health provider,Self-funded,2026-03-04,,Active,Not working,,
E00259,P0209,Shoulder condition,Shoulder,Gradual or non-specific onset,Office or administration,Sedentary,General practitioner,Workers' compensation,2025-02-13,,Active,Full duties,,
E00260,P0210,Other,Other,Manual handling or lifting,Office or administration,Sedentary,General practitioner,Private health insurance,2024-08-17,,Active,Not working,,
E00261,P0211,Low back pain,Lumbar spine,Gradual or non-specific onset,Construction,Very heavy,Specialist,Self-funded,2026-07-24,2026-09-16,Completed,Full duties,Full duties,Patient discontinued
E00262,P0212,Shoulder condition,Shoulder,Gradual or non-specific onset,Trades,Heavy,Specialist,Workers' compensation,2024-09-26,2025-01-26,Completed,Modified duties,Full duties,Goals achieved
E00263,P0213,Neck pain,Cervical spine,Gradual or non-specific onset,Office or administration,Light,Self-referral,Self-funded,2024-11-29,2024-12-18,Completed,Full duties,Full duties,Goals achieved
E00264,P0214,Multiple regions,Multiple regions,Repetitive movement or overuse,Construction,Heavy,Employer,Compulsory third-party insurance,2026-07-28,2026-08-27,Completed,Not working,Reduced hours,Goals achieved
E00265,P0214,Knee condition,Knee,Repetitive movement or overuse,Retail or hospitality,Medium,Self-referral,Other,2026-08-28,,Active,Full duties,,
E00266,P0215,Hip condition,Hip,Repetitive movement or overuse,Construction,Heavy,Specialist,Private health insurance,2025-07-01,2025-12-12,Discontinued,Modified duties,Modified duties,No further improvement
E00267,P0216,Low back pain,Lumbar spine,Sports or exercise,Office or administration,Sedentary,Self-referral,Self-funded,2024-09-14,2024-10-07,Completed,Not working,Not working,Patient discontinued
E00268,P0217,Multiple regions,Multiple regions,Manual handling or lifting,Manufacturing,Medium,Insurer or case manager,Private health insurance,2024-01-06,2024-03-14,Completed,Reduced hours,Modified duties,Goals achieved
E00269,P0218,Shoulder condition,Shoulder,Motor vehicle accident,Healthcare,Heavy,General practitioner,Private health insurance,2025-02-22,2025-03-23,Completed,Full duties,Full duties,Referred to another provider
E00270,P0219,Shoulder condition,Shoulder,Sports or exercise,Manufacturing,Medium,Self-referral,Self-funded,2026-08-18,2026-09-07,Completed,Not working,Modified duties,No further improvement
E00271,P0219,Multiple regions,Multiple regions,"Slip, trip or fall",Not currently employed,,Insurer or case manager,Self-funded,2026-09-08,2026-09-28,Completed,Not applicable,Not applicable,Goals achieved
E00272,P0220,Neck pain,Cervical spine,Sports or exercise,Office or administration,Light,General practitioner,Self-funded,2025-02-25,2025-04-04,Completed,Modified duties,Full duties,Goals achieved
E00273,P0221,Neck pain,Cervical spine,Gradual or non-specific onset,Not currently employed,,Self-referral,Private health insurance,2025-11-12,2025-11-17,Completed,Not applicable,Not applicable,Patient discontinued
E00274,P0222,Knee condition,Knee,Manual handling or lifting,Trades,Medium,Self-referral,Private health insurance,2024-09-03,2024-09-10,Completed,Full duties,Full duties,Goals achieved
E00275,P0223,Low back pain,Lumbar spine,Manual handling or lifting,Education,Light,Self-referral,Other,2026-01-25,2026-06-30,Completed,Modified duties,Full duties,Goals achieved
E00276,P0224,Neck pain,Cervical spine,Gradual or non-specific onset,Manufacturing,Heavy,General practitioner,Compulsory third-party insurance,2026-01-25,2026-04-11,Completed,Not working,Not working,Other
E00277,P0224,Low back pain,Lumbar spine,Manual handling or lifting,Manufacturing,Medium,General practitioner,Private health insurance,2026-04-17,2026-06-20,Completed,Modified duties,Modified duties,Goals achieved
E00278,P0224,Low back pain,Lumbar spine,Gradual or non-specific onset,Manufacturing,Medium,Insurer or case manager,Workers' compensation,2026-07-08,2026-07-17,Completed,Not working,Not working,Goals achieved
E00279,P0225,Wrist or hand condition,Wrist or hand,Gradual or non-specific onset,Transport,Medium,General practitioner,Self-funded,2025-08-15,,Active,Reduced hours,,
E00280,P0226,Knee condition,Knee,Motor vehicle accident,Office or administration,Sedentary,Self-referral,Compulsory third-party insurance,2026-01-21,2026-02-18,Completed,Modified duties,Modified duties,Goals achieved
E00281,P0226,Neck pain,Cervical spine,Sports or exercise,Not currently employed,,Self-referral,Self-funded,2026-05-26,2026-07-04,Discontinued,Not applicable,Not applicable,No further improvement
E00282,P0228,Shoulder condition,Shoulder,Repetitive movement or overuse,Manufacturing,Medium,General practitioner,Medicare-supported care,2025-01-03,2025-04-07,Discontinued,Full duties,Full duties,Goals achieved
E00283,P0229,Shoulder condition,Shoulder,Manual handling or lifting,Education,Light,General practitioner,Private health insurance,2025-12-19,,Active,Reduced hours,,
E00284,P0230,Knee condition,Knee,Repetitive movement or overuse,Healthcare,Medium,Other allied-health provider,Self-funded,2026-03-24,2026-06-08,Completed,Full duties,Full duties,Other
E00285,P0231,Elbow condition,Elbow,Motor vehicle accident,Office or administration,Sedentary,Specialist,Other,2026-03-30,2026-05-20,Completed,Full duties,Full duties,Goals achieved
E00286,P0232,Elbow condition,Elbow,Sports or exercise,Retail or hospitality,Light,General practitioner,Private health insurance,2024-07-26,2024-09-04,Completed,Full duties,Full duties,Referred to another provider
E00287,P0233,Neck pain,Cervical spine,Repetitive movement or overuse,Retail or hospitality,Light,Employer,Private health insurance,2025-10-21,2025-11-25,Completed,Not working,Modified duties,Patient discontinued
E00288,P0233,Neck pain,Cervical spine,Manual handling or lifting,Retail or hospitality,Light,Specialist,Workers' compensation,2026-02-12,2026-04-22,Completed,Full duties,Full duties,Lost to follow-up
E00289,P0233,Shoulder condition,Shoulder,Manual handling or lifting,Healthcare,Light,General practitioner,Workers' compensation,2026-06-06,2026-06-26,Completed,Full duties,Reduced hours,Goals achieved
E00290,P0234,Knee condition,Knee,Repetitive movement or overuse,Construction,Heavy,Employer,Workers' compensation,2024-01-05,2024-01-14,Completed,Full duties,Full duties,Goals achieved
E00291,P0235,Shoulder condition,Shoulder,Other,Retail or hospitality,Medium,Specialist,Workers' compensation,2025-07-11,2025-07-18,Discontinued,Full duties,Full duties,Referred to another provider
E00292,P0235,Knee condition,Knee,Manual handling or lifting,Healthcare,Light,General practitioner,Workers' compensation,2026-02-18,2026-03-21,Completed,Not working,Not working,Goals achieved
E00293,P0236,Knee condition,Knee,Manual handling or lifting,Other,Light,Insurer or case manager,Private health insurance,2025-07-10,2025-08-18,Completed,Modified duties,Full duties,Goals achieved
E00294,P0236,Neck pain,Cervical spine,Manual handling or lifting,Office or administration,Light,General practitioner,Workers' compensation,2026-02-18,2026-02-28,Completed,Reduced hours,Full duties,Goals achieved
E00295,P0237,Neck pain,Cervical spine,Manual handling or lifting,Healthcare,Medium,General practitioner,Workers' compensation,2024-12-20,2025-05-18,Completed,Not working,Full duties,Goals achieved
E00296,P0238,Neck pain,Cervical spine,Other,Construction,Heavy,General practitioner,Medicare-supported care,2026-08-26,2026-09-11,Completed,Full duties,Full duties,Patient discontinued
E00297,P0238,Low back pain,Lumbar spine,Sports or exercise,Retail or hospitality,Medium,Specialist,Private health insurance,2026-09-12,2026-09-28,Completed,Not working,Not working,Goals achieved
E00298,P0240,Low back pain,Lumbar spine,Manual handling or lifting,Retail or hospitality,Light,Specialist,Private health insurance,2024-02-07,,Active,Not working,,
E00299,P0241,Ankle or foot condition,Ankle or foot,Manual handling or lifting,Manufacturing,Heavy,Insurer or case manager,Workers' compensation,2024-07-22,2024-09-04,Completed,Reduced hours,Modified duties,Patient discontinued
E00300,P0241,Neck pain,Cervical spine,Manual handling or lifting,Not currently employed,,General practitioner,Private health insurance,2025-08-25,,Active,Not applicable,,
E00301,P0242,Low back pain,Lumbar spine,Gradual or non-specific onset,Construction,Very heavy,Specialist,Private health insurance,2024-07-21,2024-10-12,Completed,Reduced hours,Modified duties,Goals achieved
E00302,P0242,Knee condition,Knee,Manual handling or lifting,Transport,Heavy,General practitioner,Medicare-supported care,2025-08-25,2025-09-29,Completed,Modified duties,Full duties,Goals achieved
E00303,P0243,Ankle or foot condition,Ankle or foot,"Slip, trip or fall",Office or administration,Sedentary,Self-referral,Self-funded,2026-05-24,,Active,Not working,,
E00304,P0244,Low back pain,Lumbar spine,Repetitive movement or overuse,Construction,Heavy,General practitioner,Self-funded,2025-05-20,2025-08-09,Completed,Full duties,Full duties,Patient discontinued
E00305,P0245,Hip condition,Hip,Gradual or non-specific onset,Retail or hospitality,Light,Employer,Private health insurance,2025-12-10,,Active,Reduced hours,,
E00306,P0246,Elbow condition,Elbow,Sports or exercise,Office or administration,Sedentary,General practitioner,Private health insurance,2026-02-27,2026-05-12,Completed,Full duties,Full duties,Goals achieved
E00307,P0246,Knee condition,Knee,Sports or exercise,Manufacturing,Medium,General practitioner,Medicare-supported care,2026-06-14,,Active,Modified duties,,
E00308,P0247,Knee condition,Knee,Manual handling or lifting,Transport,Medium,Self-referral,Self-funded,2026-01-17,2026-04-07,Discontinued,Not working,Reduced hours,Other
E00309,P0248,Low back pain,Lumbar spine,Repetitive movement or overuse,Transport,Sedentary,General practitioner,Private health insurance,2024-03-27,2024-06-17,Completed,Reduced hours,Full duties,Patient discontinued
E00310,P0249,Multiple regions,Multiple regions,Repetitive movement or overuse,Retail or hospitality,Medium,Other,Self-funded,2024-05-16,2024-05-30,Completed,Full duties,Full duties,Referred to another provider
E00311,P0250,Neck pain,Cervical spine,"Slip, trip or fall",Manufacturing,Medium,Employer,Private health insurance,2025-01-19,2025-05-22,Completed,Reduced hours,Reduced hours,Patient discontinued
E00312,P0251,Elbow condition,Elbow,Gradual or non-specific onset,Healthcare,Light,Self-referral,Private health insurance,2024-11-25,,Active,Not working,,
E00313,P0252,Knee condition,Knee,Gradual or non-specific onset,Office or administration,Light,Self-referral,Private health insurance,2025-12-28,2026-03-09,Completed,Reduced hours,Reduced hours,Goals achieved
E00314,P0252,Low back pain,Lumbar spine,Repetitive movement or overuse,Office or administration,Sedentary,Specialist,Workers' compensation,2026-05-14,2026-06-03,Completed,Not working,Not working,Goals achieved
E00315,P0253,Low back pain,Lumbar spine,Gradual or non-specific onset,Transport,Sedentary,Specialist,Private health insurance,2024-06-01,2024-08-03,Completed,Not working,Reduced hours,No further improvement
E00316,P0254,Knee condition,Knee,Manual handling or lifting,Other,Medium,General practitioner,Self-funded,2024-12-27,2025-04-13,Completed,Not working,Not working,Patient discontinued
E00317,P0255,Knee condition,Knee,Sports or exercise,Office or administration,Sedentary,Self-referral,Self-funded,2024-08-18,2024-12-03,Completed,Full duties,Modified duties,Patient discontinued
E00318,P0256,Low back pain,Lumbar spine,Gradual or non-specific onset,Manufacturing,Medium,Self-referral,Self-funded,2024-07-02,2024-09-19,Completed,Modified duties,Full duties,Goals achieved
E00319,P0257,Ankle or foot condition,Ankle or foot,Manual handling or lifting,Education,Light,Self-referral,Private health insurance,2024-06-17,2024-08-08,Completed,Not working,Modified duties,Goals achieved
E00320,P0257,Wrist or hand condition,Wrist or hand,Other,Education,Light,Self-referral,Private health insurance,2025-08-08,2025-08-27,Completed,Not working,Modified duties,Goals achieved
E00321,P0258,Shoulder condition,Shoulder,Repetitive movement or overuse,Retail or hospitality,Medium,General practitioner,Private health insurance,2024-07-09,,Active,Full duties,,
E00322,P0259,Shoulder condition,Shoulder,Manual handling or lifting,Manufacturing,Medium,Other,Self-funded,2025-07-03,2025-08-09,Completed,Full duties,Not working,Goals achieved
E00323,P0260,Low back pain,Lumbar spine,Repetitive movement or overuse,Transport,Medium,General practitioner,Workers' compensation,2025-02-03,2025-03-27,Completed,Full duties,Modified duties,Lost to follow-up
E00324,P0261,Hip condition,Hip,Gradual or non-specific onset,Trades,Heavy,General practitioner,Private health insurance,2025-02-27,2025-08-06,Discontinued,Not working,Not working,Goals achieved
E00325,P0262,Neck pain,Cervical spine,Gradual or non-specific onset,Office or administration,Sedentary,General practitioner,Medicare-supported care,2025-04-11,2025-05-18,Completed,Not working,Modified duties,Referred to another provider
E00326,P0262,Wrist or hand condition,Wrist or hand,Sports or exercise,Not currently employed,,Employer,Workers' compensation,2026-01-04,2026-02-14,Completed,Not applicable,Not applicable,Patient discontinued
E00327,P0263,Neck pain,Cervical spine,Manual handling or lifting,Office or administration,Sedentary,General practitioner,Private health insurance,2025-12-22,,Active,Modified duties,,
E00328,P0264,Knee condition,Knee,Manual handling or lifting,Trades,Heavy,Self-referral,Private health insurance,2026-04-19,2026-06-02,Completed,Full duties,Reduced hours,Goals achieved
E00329,P0265,Low back pain,Lumbar spine,Gradual or non-specific onset,Office or administration,Light,Specialist,Private health insurance,2025-05-27,2025-05-30,Completed,Full duties,Full duties,Patient discontinued
E00330,P0265,Low back pain,Lumbar spine,"Slip, trip or fall",Construction,Heavy,General practitioner,Private health insurance,2026-01-27,2026-04-26,Completed,Not working,Full duties,Patient discontinued
E00331,P0266,Ankle or foot condition,Ankle or foot,Gradual or non-specific onset,Office or administration,Sedentary,Other,Self-funded,2025-09-17,2025-10-26,Discontinued,Full duties,Full duties,Other
E00332,P0267,Shoulder condition,Shoulder,Sports or exercise,Retail or hospitality,Medium,Self-referral,Private health insurance,2025-12-20,2026-04-17,Completed,Full duties,Full duties,Goals achieved
E00333,P0268,Shoulder condition,Shoulder,Manual handling or lifting,Healthcare,Medium,Employer,Workers' compensation,2025-11-03,2025-11-27,Completed,Full duties,Full duties,Referred to another provider
E00334,P0269,Multiple regions,Multiple regions,Repetitive movement or overuse,Office or administration,Sedentary,General practitioner,Self-funded,2024-05-10,2024-06-10,Completed,Not working,Modified duties,Goals achieved
E00335,P0271,Multiple regions,Multiple regions,Gradual or non-specific onset,Retail or hospitality,Light,Employer,Workers' compensation,2024-06-09,2024-07-16,Completed,Modified duties,Full duties,Goals achieved
E00336,P0272,Wrist or hand condition,Wrist or hand,Gradual or non-specific onset,Healthcare,Heavy,Insurer or case manager,Workers' compensation,2025-02-05,2025-04-28,Completed,Full duties,Full duties,Goals achieved
E00337,P0273,Low back pain,Lumbar spine,Repetitive movement or overuse,Education,Light,General practitioner,Self-funded,2025-09-27,2025-11-18,Completed,Full duties,Full duties,No further improvement
E00338,P0274,Knee condition,Knee,Repetitive movement or overuse,Trades,Heavy,General practitioner,Compulsory third-party insurance,2025-01-27,2025-04-05,Completed,Not working,Not working,Lost to follow-up
E00339,P0275,Wrist or hand condition,Wrist or hand,Gradual or non-specific onset,Transport,Medium,General practitioner,Other,2024-08-24,,Active,Modified duties,,
E00340,P0276,Neck pain,Cervical spine,Manual handling or lifting,Office or administration,Sedentary,General practitioner,Self-funded,2026-06-18,2026-07-12,Discontinued,Modified duties,Modified duties,No further improvement
E00341,P0277,Low back pain,Lumbar spine,Manual handling or lifting,Construction,Heavy,Other,Private health insurance,2024-03-10,,Active,Full duties,,
E00342,P0278,Hip condition,Hip,Gradual or non-specific onset,Not currently employed,,Self-referral,Self-funded,2024-08-27,,Active,Not applicable,,
E00343,P0279,Shoulder condition,Shoulder,Repetitive movement or overuse,Office or administration,Sedentary,Self-referral,Private health insurance,2026-08-25,2026-09-10,Discontinued,Full duties,Full duties,Referred to another provider
E00344,P0279,Knee condition,Knee,Gradual or non-specific onset,Healthcare,Heavy,Other allied-health provider,Self-funded,2026-09-11,,Active,Not working,,
E00345,P0280,Other,Other,Repetitive movement or overuse,Not currently employed,,Employer,Self-funded,2025-12-11,2026-05-05,Completed,Not applicable,Not applicable,Goals achieved
E00346,P0280,Knee condition,Knee,Gradual or non-specific onset,Not currently employed,,Employer,Self-funded,2026-05-06,2026-06-02,Completed,Not applicable,Not applicable,Referred to another provider
E00347,P0282,Shoulder condition,Shoulder,Manual handling or lifting,Healthcare,Heavy,General practitioner,Workers' compensation,2026-01-04,,Active,Not working,,
E00348,P0283,Neck pain,Cervical spine,Manual handling or lifting,Transport,Heavy,Self-referral,Private health insurance,2026-08-02,,Active,Modified duties,,
E00349,P0284,Shoulder condition,Shoulder,Manual handling or lifting,Retail or hospitality,Medium,General practitioner,Workers' compensation,2024-04-05,2024-05-10,Completed,Not working,Modified duties,Patient discontinued
E00350,P0285,Low back pain,Lumbar spine,Manual handling or lifting,Education,Light,Self-referral,Self-funded,2025-02-07,,Active,Full duties,,
E00351,P0286,Hip condition,Hip,Motor vehicle accident,Office or administration,Sedentary,General practitioner,Compulsory third-party insurance,2025-04-01,2025-09-05,Completed,Not working,Not working,Goals achieved
E00352,P0288,Hip condition,Hip,Repetitive movement or overuse,Office or administration,Sedentary,General practitioner,Workers' compensation,2024-07-14,,Active,Full duties,,
E00353,P0289,Neck pain,Cervical spine,"Slip, trip or fall",Manufacturing,Medium,Self-referral,Private health insurance,2024-06-18,2024-09-10,Completed,Full duties,Full duties,Goals achieved
E00354,P0290,Neck pain,Cervical spine,Manual handling or lifting,Construction,Heavy,Self-referral,Workers' compensation,2024-06-29,2024-07-24,Completed,Not working,Modified duties,Goals achieved
E00355,P0291,Wrist or hand condition,Wrist or hand,Manual handling or lifting,Transport,Sedentary,Self-referral,Private health insurance,2025-01-28,2025-04-07,Completed,Not working,Full duties,Goals achieved
E00356,P0291,Low back pain,Lumbar spine,Gradual or non-specific onset,Healthcare,Light,General practitioner,Workers' compensation,2025-11-28,,Active,Not working,,
E00357,P0292,Shoulder condition,Shoulder,Manual handling or lifting,Trades,Very heavy,Self-referral,Workers' compensation,2025-03-27,2025-04-03,Completed,Reduced hours,Reduced hours,No further improvement
E00358,P0293,Shoulder condition,Shoulder,Sports or exercise,Education,Light,Self-referral,Self-funded,2024-08-19,2025-02-03,Completed,Not working,Reduced hours,Goals achieved
E00359,P0293,Knee condition,Knee,"Slip, trip or fall",Retail or hospitality,Medium,Employer,Workers' compensation,2025-09-08,,Active,Reduced hours,,
E00360,P0294,Low back pain,Lumbar spine,Repetitive movement or overuse,Education,Light,General practitioner,Medicare-supported care,2024-10-08,2024-12-06,Completed,Full duties,Full duties,Referred to another provider
E00361,P0295,Knee condition,Knee,Repetitive movement or overuse,Construction,Medium,General practitioner,Workers' compensation,2024-07-06,2024-07-25,Completed,Modified duties,Full duties,Goals achieved
E00362,P0295,Neck pain,Cervical spine,Gradual or non-specific onset,Retail or hospitality,Medium,General practitioner,Self-funded,2025-08-17,,Active,Reduced hours,,
E00363,P0296,Knee condition,Knee,Gradual or non-specific onset,Construction,Medium,General practitioner,Workers' compensation,2026-02-14,2026-04-06,Completed,Modified duties,Not working,Referred to another provider
E00364,P0296,Low back pain,Lumbar spine,Sports or exercise,Trades,Very heavy,General practitioner,Self-funded,2026-06-07,2026-09-09,Completed,Not working,Not working,Goals achieved
E00365,P0297,Shoulder condition,Shoulder,Gradual or non-specific onset,Education,Medium,General practitioner,Medicare-supported care,2024-07-25,2024-08-14,Completed,Modified duties,Full duties,Goals achieved
E00366,P0297,Shoulder condition,Shoulder,Gradual or non-specific onset,Trades,Medium,Other allied-health provider,Medicare-supported care,2025-04-16,2025-07-16,Completed,Full duties,Full duties,Goals achieved
E00367,P0297,Low back pain,Lumbar spine,Direct impact,Trades,Medium,General practitioner,Private health insurance,2026-01-06,2026-02-19,Completed,Full duties,Full duties,Goals achieved
E00368,P0298,Low back pain,Lumbar spine,Direct impact,Not currently employed,,Self-referral,Private health insurance,2026-06-03,2026-06-23,Completed,Not applicable,Not applicable,Goals achieved
E00369,P0298,Low back pain,Lumbar spine,Repetitive movement or overuse,Construction,Heavy,Specialist,Private health insurance,2026-08-01,2026-09-25,Discontinued,Not working,Reduced hours,Goals achieved
E00370,P0299,Neck pain,Cervical spine,Gradual or non-specific onset,Not currently employed,,Self-referral,Private health insurance,2025-06-08,2025-07-18,Completed,Not applicable,Not applicable,Goals achieved
E00371,P0299,Low back pain,Lumbar spine,"Slip, trip or fall",Manufacturing,Medium,General practitioner,Self-funded,2026-02-02,,Active,Full duties,,
E00372,P0300,Multiple regions,Multiple regions,Gradual or non-specific onset,Healthcare,Medium,General practitioner,Private health insurance,2026-02-20,2026-04-20,Completed,Not working,Full duties,Patient discontinued
E00373,P0301,Shoulder condition,Shoulder,Manual handling or lifting,Manufacturing,Heavy,Other allied-health provider,Workers' compensation,2025-09-11,2025-10-18,Completed,Full duties,Full duties,Goals achieved
E00374,P0301,Hip condition,Hip,Manual handling or lifting,Healthcare,Medium,General practitioner,Private health insurance,2026-03-21,2026-04-16,Discontinued,Full duties,Full duties,Goals achieved
E00375,P0302,Multiple regions,Multiple regions,Motor vehicle accident,Construction,Very heavy,Self-referral,Self-funded,2024-09-16,2024-12-31,Discontinued,Not working,Not working,Goals achieved
E00376,P0303,Low back pain,Lumbar spine,Motor vehicle accident,Construction,Medium,Self-referral,Medicare-supported care,2025-08-08,2025-08-19,Discontinued,Modified duties,Modified duties,Goals achieved
E00377,P0304,Knee condition,Knee,Repetitive movement or overuse,Office or administration,Light,General practitioner,Self-funded,2024-09-24,2024-10-07,Completed,Not working,Reduced hours,Other
E00378,P0305,Wrist or hand condition,Wrist or hand,Gradual or non-specific onset,Retail or hospitality,Light,Specialist,Self-funded,2024-04-25,2024-07-16,Discontinued,Full duties,Modified duties,Goals achieved
E00379,P0305,Knee condition,Knee,Manual handling or lifting,Trades,Heavy,General practitioner,Workers' compensation,2025-07-12,2025-08-02,Completed,Modified duties,Full duties,Goals achieved
E00380,P0306,Shoulder condition,Shoulder,Manual handling or lifting,Manufacturing,Heavy,General practitioner,Other,2024-09-05,,Active,Modified duties,,
E00381,P0307,Shoulder condition,Shoulder,Motor vehicle accident,Retail or hospitality,Light,General practitioner,Workers' compensation,2024-09-25,2025-01-06,Completed,Not working,Not working,Goals achieved
E00382,P0308,Low back pain,Lumbar spine,Gradual or non-specific onset,Healthcare,Heavy,Other,Private health insurance,2024-05-11,2024-06-08,Completed,Full duties,Modified duties,Patient discontinued
E00383,P0309,Shoulder condition,Shoulder,Gradual or non-specific onset,Retail or hospitality,Light,General practitioner,Private health insurance,2024-01-23,,Active,Full duties,,
E00384,P0310,Other,Other,Repetitive movement or overuse,Construction,Heavy,General practitioner,Department of Veterans' Affairs,2026-07-08,2026-08-14,Completed,Reduced hours,Not working,Goals achieved
E00385,P0311,Multiple regions,Multiple regions,Manual handling or lifting,Education,Light,Other allied-health provider,Workers' compensation,2025-05-15,2025-08-02,Completed,Not working,Full duties,Patient discontinued
E00386,P0312,Low back pain,Lumbar spine,"Slip, trip or fall",Construction,Heavy,General practitioner,Workers' compensation,2025-01-26,2025-06-06,Completed,Not working,Modified duties,Goals achieved
E00387,P0313,Ankle or foot condition,Ankle or foot,Gradual or non-specific onset,Transport,Sedentary,Insurer or case manager,Workers' compensation,2026-06-24,2026-09-13,Completed,Not working,Reduced hours,Patient discontinued
E00388,P0314,Neck pain,Cervical spine,"Slip, trip or fall",Education,Light,Self-referral,Private health insurance,2024-08-06,2024-10-12,Completed,Modified duties,Full duties,Goals achieved
E00389,P0315,Elbow condition,Elbow,Gradual or non-specific onset,Manufacturing,Medium,Self-referral,Self-funded,2025-01-27,2025-02-06,Completed,Modified duties,Full duties,Goals achieved
E00390,P0316,Low back pain,Lumbar spine,Gradual or non-specific onset,Trades,Heavy,General practitioner,Medicare-supported care,2026-04-04,2026-05-25,Discontinued,Not working,Modified duties,Lost to follow-up
E00391,P0317,Elbow condition,Elbow,Manual handling or lifting,Construction,Medium,General practitioner,Medicare-supported care,2025-09-07,2025-11-04,Completed,Not working,Reduced hours,Goals achieved
E00392,P0318,Hip condition,Hip,Manual handling or lifting,Trades,Very heavy,General practitioner,Private health insurance,2025-01-23,,Active,Not working,,
E00393,P0319,Low back pain,Lumbar spine,Repetitive movement or overuse,Transport,Medium,Other,Workers' compensation,2024-09-06,,Active,Not working,,
E00394,P0320,Low back pain,Lumbar spine,Gradual or non-specific onset,Education,Light,Other allied-health provider,Private health insurance,2024-02-04,2024-02-24,Completed,Not working,Not working,Goals achieved
E00395,P0320,Hip condition,Hip,Gradual or non-specific onset,Transport,Sedentary,Insurer or case manager,Department of Veterans' Affairs,2025-06-02,2025-06-09,Discontinued,Full duties,Full duties,Patient discontinued
E00396,P0321,Low back pain,Lumbar spine,Sports or exercise,Trades,Heavy,Self-referral,Private health insurance,2024-03-23,2024-04-21,Completed,Full duties,Modified duties,Goals achieved
E00397,P0321,Shoulder condition,Shoulder,Gradual or non-specific onset,Other,Medium,Specialist,Workers' compensation,2025-06-26,2026-02-21,Completed,Not working,Not working,Goals achieved
E00398,P0322,Elbow condition,Elbow,Repetitive movement or overuse,Healthcare,Medium,Self-referral,Private health insurance,2024-06-06,2024-07-05,Discontinued,Modified duties,Full duties,Lost to follow-up
E00399,P0323,Knee condition,Knee,Sports or exercise,Education,Light,General practitioner,Workers' compensation,2026-02-05,,Active,Full duties,,
E00400,P0324,Neck pain,Cervical spine,Gradual or non-specific onset,Transport,Medium,Specialist,Workers' compensation,2025-09-14,2025-11-12,Completed,Modified duties,Full duties,Lost to follow-up
E00401,P0325,Shoulder condition,Shoulder,"Slip, trip or fall",Retail or hospitality,Medium,Self-referral,Self-funded,2025-02-26,2025-05-09,Completed,Reduced hours,Full duties,Goals achieved
E00402,P0325,Low back pain,Lumbar spine,Gradual or non-specific onset,Not currently employed,,General practitioner,Medicare-supported care,2025-12-13,2026-01-31,Completed,Not applicable,Not applicable,Goals achieved
E00403,P0326,Multiple regions,Multiple regions,Manual handling or lifting,Healthcare,Heavy,General practitioner,Medicare-supported care,2026-02-01,2026-02-25,Completed,Not working,Not working,Goals achieved
E00404,P0327,Neck pain,Cervical spine,Gradual or non-specific onset,Manufacturing,Medium,General practitioner,Medicare-supported care,2024-06-05,2024-07-03,Completed,Not working,Not working,No further improvement
E00405,P0327,Low back pain,Lumbar spine,"Slip, trip or fall",Office or administration,Sedentary,Self-referral,Self-funded,2025-08-02,2025-09-13,Completed,Full duties,Full duties,Goals achieved
E00406,P0328,Neck pain,Cervical spine,Repetitive movement or overuse,Construction,Medium,Self-referral,Workers' compensation,2024-07-24,2024-09-22,Completed,Modified duties,Modified duties,Patient discontinued
E00407,P0329,Multiple regions,Multiple regions,Manual handling or lifting,Trades,Heavy,Other allied-health provider,Workers' compensation,2025-01-17,,Active,Full duties,,
E00408,P0330,Low back pain,Lumbar spine,Direct impact,Healthcare,Heavy,Employer,Workers' compensation,2026-06-12,2026-06-27,Completed,Not working,Modified duties,Goals achieved
E00409,P0331,Wrist or hand condition,Wrist or hand,Manual handling or lifting,Healthcare,Medium,General practitioner,Self-funded,2025-08-21,2025-10-03,Completed,Full duties,Modified duties,Goals achieved
E00410,P0332,Ankle or foot condition,Ankle or foot,Motor vehicle accident,Construction,Heavy,General practitioner,Workers' compensation,2026-04-08,2026-04-26,Completed,Reduced hours,Reduced hours,Referred to another provider
E00411,P0333,Hip condition,Hip,Sports or exercise,Retail or hospitality,Medium,Self-referral,Private health insurance,2024-08-29,2024-09-23,Completed,Modified duties,Modified duties,Goals achieved
E00412,P0334,Multiple regions,Multiple regions,Direct impact,Education,Light,Self-referral,Self-funded,2026-04-06,2026-05-10,Completed,Reduced hours,Modified duties,Other
E00413,P0334,Hip condition,Hip,Motor vehicle accident,Trades,Very heavy,Employer,Private health insurance,2026-07-03,,Active,Modified duties,,
E00414,P0335,Multiple regions,Multiple regions,Other,Office or administration,Sedentary,General practitioner,Private health insurance,2024-03-11,2024-06-01,Completed,Reduced hours,Full duties,Goals achieved
E00415,P0336,Low back pain,Lumbar spine,Gradual or non-specific onset,Manufacturing,Heavy,General practitioner,Private health insurance,2024-08-09,,Active,Reduced hours,,
E00416,P0337,Hip condition,Hip,"Slip, trip or fall",Retail or hospitality,Medium,Self-referral,Private health insurance,2025-05-24,2025-06-21,Completed,Full duties,Full duties,No further improvement
E00417,P0338,Shoulder condition,Shoulder,"Slip, trip or fall",Manufacturing,Heavy,Employer,Workers' compensation,2024-02-19,,Active,Full duties,,
E00418,P0339,Shoulder condition,Shoulder,Sports or exercise,Retail or hospitality,Light,Other allied-health provider,Self-funded,2026-04-15,2026-06-10,Completed,Modified duties,Full duties,Referred to another provider
E00419,P0340,Wrist or hand condition,Wrist or hand,Manual handling or lifting,Healthcare,Medium,Insurer or case manager,Private health insurance,2026-04-24,2026-07-11,Completed,Full duties,Full duties,Goals achieved
E00420,P0340,Multiple regions,Multiple regions,Direct impact,Retail or hospitality,Medium,Specialist,Workers' compensation,2026-07-12,2026-09-28,Completed,Not working,Not working,Goals achieved
E00421,P0341,Ankle or foot condition,Ankle or foot,Gradual or non-specific onset,Manufacturing,Medium,Insurer or case manager,Compulsory third-party insurance,2025-06-11,2025-06-13,Completed,Full duties,Modified duties,Referred to another provider
E00422,P0342,Shoulder condition,Shoulder,Repetitive movement or overuse,Retail or hospitality,Light,General practitioner,Medicare-supported care,2024-10-24,2024-12-23,Completed,Not working,Full duties,Goals achieved
E00423,P0342,Shoulder condition,Shoulder,Repetitive movement or overuse,Retail or hospitality,Medium,General practitioner,Medicare-supported care,2025-06-16,2025-10-16,Discontinued,Full duties,Full duties,Referred to another provider
E00424,P0342,Neck pain,Cervical spine,Gradual or non-specific onset,Education,Light,Other allied-health provider,Other,2026-02-06,2026-06-15,Completed,Not working,Full duties,Referred to another provider
E00425,P0343,Neck pain,Cervical spine,Sports or exercise,Transport,Medium,Self-referral,Self-funded,2024-04-06,2024-09-28,Completed,Full duties,Not working,Patient discontinued
E00426,P0343,Neck pain,Cervical spine,Gradual or non-specific onset,Healthcare,Medium,Other allied-health provider,Department of Veterans' Affairs,2025-07-03,2025-08-15,Completed,Modified duties,Modified duties,Goals achieved
E00427,P0344,Low back pain,Lumbar spine,Sports or exercise,Education,Medium,General practitioner,Compulsory third-party insurance,2025-08-25,2025-11-10,Completed,Full duties,Full duties,Goals achieved
E00428,P0345,Low back pain,Lumbar spine,"Slip, trip or fall",Trades,Very heavy,General practitioner,Self-funded,2025-06-07,2025-08-30,Completed,Reduced hours,Modified duties,No further improvement
E00429,P0345,Ankle or foot condition,Ankle or foot,Manual handling or lifting,Office or administration,Sedentary,General practitioner,Medicare-supported care,2026-02-01,2026-03-23,Completed,Full duties,Full duties,Goals achieved
E00430,P0346,Shoulder condition,Shoulder,Sports or exercise,Manufacturing,Medium,Insurer or case manager,Medicare-supported care,2026-01-10,2026-05-18,Completed,Not working,Modified duties,Goals achieved
E00431,P0346,Elbow condition,Elbow,Gradual or non-specific onset,Construction,Medium,General practitioner,Workers' compensation,2026-05-21,2026-06-07,Completed,Modified duties,Full duties,Lost to follow-up
E00432,P0347,Knee condition,Knee,"Slip, trip or fall",Transport,Medium,Insurer or case manager,Compulsory third-party insurance,2025-08-09,2025-10-25,Completed,Not working,Modified duties,Goals achieved
E00433,P0347,Low back pain,Lumbar spine,Direct impact,Construction,Very heavy,General practitioner,Self-funded,2026-03-05,2026-03-23,Completed,Reduced hours,Full duties,Goals achieved
E00434,P0348,Low back pain,Lumbar spine,Gradual or non-specific onset,Transport,Medium,Specialist,Self-funded,2024-05-04,,Active,Reduced hours,,
E00435,P0349,Low back pain,Lumbar spine,Sports or exercise,Construction,Medium,Employer,Workers' compensation,2024-04-28,2024-05-01,Completed,Not working,Reduced hours,Goals achieved
E00436,P0350,Multiple regions,Multiple regions,Repetitive movement or overuse,Retail or hospitality,Light,General practitioner,Workers' compensation,2026-01-30,2026-03-01,Completed,Full duties,Full duties,Goals achieved
E00437,P0351,Low back pain,Lumbar spine,Repetitive movement or overuse,Not currently employed,,Employer,Compulsory third-party insurance,2024-06-03,2024-09-08,Completed,Not applicable,Not applicable,No further improvement
E00438,P0352,Shoulder condition,Shoulder,Sports or exercise,Healthcare,Medium,General practitioner,Medicare-supported care,2026-07-03,,Active,Reduced hours,,
E00439,P0353,Elbow condition,Elbow,Manual handling or lifting,Trades,Very heavy,Specialist,Workers' compensation,2024-04-13,2024-07-29,Completed,Full duties,Full duties,Patient discontinued
E00440,P0354,Multiple regions,Multiple regions,Repetitive movement or overuse,Other,Light,General practitioner,Department of Veterans' Affairs,2025-12-10,2026-01-08,Completed,Reduced hours,Modified duties,Goals achieved
E00441,P0355,Low back pain,Lumbar spine,Manual handling or lifting,Trades,Heavy,General practitioner,Private health insurance,2026-08-07,2026-09-28,Completed,Full duties,Full duties,Goals achieved
E00442,P0356,Low back pain,Lumbar spine,Manual handling or lifting,Office or administration,Light,Other allied-health provider,Compulsory third-party insurance,2025-03-05,,Active,Modified duties,,
E00443,P0357,Low back pain,Lumbar spine,Motor vehicle accident,Education,Medium,Self-referral,Private health insurance,2024-02-25,2024-04-14,Completed,Reduced hours,Not working,Goals achieved
E00444,P0357,Low back pain,Lumbar spine,Gradual or non-specific onset,Office or administration,Sedentary,Employer,Self-funded,2025-06-12,2025-12-11,Completed,Modified duties,Full duties,Patient discontinued
E00445,P0358,Low back pain,Lumbar spine,Manual handling or lifting,Healthcare,Heavy,Self-referral,Private health insurance,2026-05-03,2026-06-19,Completed,Full duties,Full duties,Referred to another provider
E00446,P0358,Knee condition,Knee,Gradual or non-specific onset,Trades,Heavy,Employer,Self-funded,2026-07-16,2026-08-19,Completed,Modified duties,Full duties,Goals achieved
E00447,P0359,Elbow condition,Elbow,"Slip, trip or fall",Transport,Medium,General practitioner,Self-funded,2024-07-01,2024-11-17,Completed,Not working,Not working,Goals achieved
E00448,P0360,Shoulder condition,Shoulder,Repetitive movement or overuse,Retail or hospitality,Light,Self-referral,Private health insurance,2025-05-28,2025-06-29,Discontinued,Full duties,Full duties,Goals achieved
E00449,P0361,Knee condition,Knee,Manual handling or lifting,Healthcare,Medium,Employer,Workers' compensation,2026-08-16,2026-09-06,Discontinued,Full duties,Full duties,Patient discontinued
E00450,P0361,Low back pain,Lumbar spine,Gradual or non-specific onset,Education,Light,General practitioner,Workers' compensation,2026-09-07,2026-09-28,Completed,Not working,Full duties,Referred to another provider
E00451,P0362,Hip condition,Hip,Manual handling or lifting,Transport,Sedentary,General practitioner,Private health insurance,2025-12-26,,Active,Not working,,
E00452,P0363,Knee condition,Knee,Direct impact,Retail or hospitality,Medium,Employer,Workers' compensation,2024-02-15,2024-05-03,Completed,Full duties,Full duties,No further improvement
E00453,P0364,Wrist or hand condition,Wrist or hand,Manual handling or lifting,Trades,Heavy,Insurer or case manager,Private health insurance,2026-03-10,2026-05-26,Completed,Modified duties,Modified duties,Patient discontinued
E00454,P0365,Multiple regions,Multiple regions,Manual handling or lifting,Construction,Heavy,Self-referral,Private health insurance,2024-06-06,2024-08-10,Completed,Full duties,Full duties,Goals achieved
E00455,P0366,Neck pain,Cervical spine,Sports or exercise,Office or administration,Sedentary,General practitioner,Private health insurance,2025-12-30,,Active,Not working,,
E00456,P0367,Low back pain,Lumbar spine,Manual handling or lifting,Manufacturing,Medium,Other allied-health provider,Workers' compensation,2025-08-27,2025-08-29,Completed,Modified duties,Full duties,Lost to follow-up
E00457,P0367,Low back pain,Lumbar spine,Manual handling or lifting,Other,Light,General practitioner,Workers' compensation,2026-03-14,,Active,Modified duties,,
E00458,P0368,Shoulder condition,Shoulder,Manual handling or lifting,Construction,Very heavy,General practitioner,Workers' compensation,2024-10-07,2024-11-10,Completed,Full duties,Full duties,Goals achieved
E00459,P0369,Multiple regions,Multiple regions,Gradual or non-specific onset,Construction,Very heavy,Other allied-health provider,Medicare-supported care,2025-02-16,2025-05-02,Completed,Modified duties,Modified duties,Goals achieved
E00460,P0370,Neck pain,Cervical spine,Sports or exercise,Office or administration,Sedentary,Specialist,Self-funded,2024-04-24,2024-05-14,Completed,Full duties,Full duties,Goals achieved
E00461,P0370,Ankle or foot condition,Ankle or foot,Motor vehicle accident,Trades,Medium,Other allied-health provider,Compulsory third-party insurance,2025-07-12,2025-08-10,Completed,Not working,Reduced hours,No further improvement
E00462,P0371,Shoulder condition,Shoulder,Motor vehicle accident,Construction,Heavy,Employer,Department of Veterans' Affairs,2026-08-19,2026-09-03,Completed,Modified duties,Full duties,Referred to another provider
E00463,P0371,Low back pain,Lumbar spine,Motor vehicle accident,Retail or hospitality,Medium,Self-referral,Self-funded,2026-09-08,2026-09-28,Completed,Modified duties,Modified duties,Patient discontinued
E00464,P0372,Neck pain,Cervical spine,Manual handling or lifting,Other,Medium,General practitioner,Private health insurance,2024-08-20,2024-10-07,Completed,Not working,Modified duties,Goals achieved
E00465,P0373,Knee condition,Knee,Gradual or non-specific onset,Office or administration,Sedentary,Self-referral,Private health insurance,2024-10-27,2025-08-03,Discontinued,Full duties,Full duties,Patient discontinued
E00466,P0374,Knee condition,Knee,Repetitive movement or overuse,Manufacturing,Medium,Other allied-health provider,Workers' compensation,2025-05-04,2025-06-27,Completed,Full duties,Not working,Referred to another provider
E00467,P0375,Shoulder condition,Shoulder,Direct impact,Retail or hospitality,Light,Insurer or case manager,Workers' compensation,2025-10-16,2025-11-10,Discontinued,Modified duties,Not working,Referred to another provider
E00468,P0376,Low back pain,Lumbar spine,Sports or exercise,Education,Light,Self-referral,Private health insurance,2025-05-07,2025-07-18,Completed,Not working,Modified duties,Patient discontinued
E00469,P0377,Ankle or foot condition,Ankle or foot,Manual handling or lifting,Healthcare,Heavy,General practitioner,Medicare-supported care,2025-05-07,2026-01-10,Completed,Full duties,Modified duties,Goals achieved
E00470,P0377,Low back pain,Lumbar spine,Sports or exercise,Healthcare,Medium,General practitioner,Department of Veterans' Affairs,2026-01-17,2026-02-02,Completed,Not working,Full duties,Goals achieved
E00471,P0378,Elbow condition,Elbow,Sports or exercise,Office or administration,Sedentary,Self-referral,Private health insurance,2025-07-21,,Active,Modified duties,,
E00472,P0379,Low back pain,Lumbar spine,Motor vehicle accident,Transport,Sedentary,Insurer or case manager,Private health insurance,2026-04-15,2026-06-02,Completed,Modified duties,Reduced hours,Goals achieved
E00473,P0380,Low back pain,Lumbar spine,"Slip, trip or fall",Education,Medium,General practitioner,Private health insurance,2025-01-19,,Active,Modified duties,,
E00474,P0381,Shoulder condition,Shoulder,Manual handling or lifting,Office or administration,Sedentary,Self-referral,Self-funded,2026-03-21,,Active,Full duties,,
E00475,P0382,Shoulder condition,Shoulder,Manual handling or lifting,Healthcare,Heavy,Insurer or case manager,Medicare-supported care,2026-02-05,2026-05-13,Completed,Full duties,Full duties,Goals achieved
E00476,P0382,Shoulder condition,Shoulder,Manual handling or lifting,Trades,Very heavy,Specialist,Workers' compensation,2026-06-03,2026-08-08,Completed,Not working,Modified duties,Goals achieved
E00477,P0383,Shoulder condition,Shoulder,Manual handling or lifting,Office or administration,Sedentary,Self-referral,Private health insurance,2026-07-25,2026-08-26,Completed,Modified duties,Not working,Goals achieved
E00478,P0383,Other,Other,Direct impact,Construction,Very heavy,Self-referral,Self-funded,2026-08-27,,Active,Modified duties,,
E00479,P0384,Shoulder condition,Shoulder,Manual handling or lifting,Manufacturing,Medium,General practitioner,Private health insurance,2026-06-08,2026-08-18,Completed,Not working,Full duties,Goals achieved
E00480,P0385,Shoulder condition,Shoulder,Manual handling or lifting,Healthcare,Medium,General practitioner,Self-funded,2026-02-16,2026-03-30,Completed,Full duties,Full duties,Patient discontinued
E00481,P0386,Shoulder condition,Shoulder,Manual handling or lifting,Construction,Medium,General practitioner,Self-funded,2024-08-28,2024-09-17,Completed,Modified duties,Full duties,Patient discontinued
E00482,P0386,Low back pain,Lumbar spine,Sports or exercise,Retail or hospitality,Medium,General practitioner,Workers' compensation,2025-05-09,2025-07-05,Completed,Full duties,Full duties,Goals achieved
E00483,P0386,Knee condition,Knee,Manual handling or lifting,Construction,Heavy,General practitioner,Workers' compensation,2026-01-18,2026-03-31,Completed,Full duties,Reduced hours,Goals achieved
E00484,P0387,Low back pain,Lumbar spine,Gradual or non-specific onset,Retail or hospitality,Light,General practitioner,Medicare-supported care,2026-01-24,2026-03-12,Completed,Not working,Reduced hours,Goals achieved
E00485,P0388,Knee condition,Knee,"Slip, trip or fall",Transport,Sedentary,General practitioner,Private health insurance,2025-12-18,2026-01-19,Discontinued,Not working,Not working,Lost to follow-up
E00486,P0388,Low back pain,Lumbar spine,Manual handling or lifting,Manufacturing,Medium,Other allied-health provider,Workers' compensation,2026-03-23,2026-06-13,Completed,Full duties,Full duties,Goals achieved
E00487,P0388,Other,Other,Manual handling or lifting,Office or administration,Sedentary,General practitioner,Private health insurance,2026-06-26,2026-07-15,Discontinued,Not working,Full duties,No further improvement
E00488,P0389,Shoulder condition,Shoulder,Gradual or non-specific onset,Trades,Heavy,Self-referral,Private health insurance,2024-10-08,2024-12-22,Completed,Full duties,Full duties,Goals achieved
E00489,P0390,Wrist or hand condition,Wrist or hand,Repetitive movement or overuse,Office or administration,Sedentary,Employer,Medicare-supported care,2025-10-22,2026-03-08,Completed,Not working,Modified duties,Goals achieved
E00490,P0390,Shoulder condition,Shoulder,Sports or exercise,Education,Medium,General practitioner,Workers' compensation,2026-04-11,2026-09-27,Discontinued,Not working,Not working,Goals achieved
E00491,P0391,Low back pain,Lumbar spine,Motor vehicle accident,Healthcare,Heavy,Self-referral,Private health insurance,2024-09-03,2024-10-18,Completed,Full duties,Full duties,Other
E00492,P0392,Hip condition,Hip,Gradual or non-specific onset,Education,Light,Employer,Self-funded,2025-05-24,,Active,Modified duties,,
E00493,P0393,Knee condition,Knee,Direct impact,Construction,Heavy,Employer,Workers' compensation,2026-02-15,2026-03-07,Discontinued,Not working,Not working,Goals achieved
E00494,P0394,Hip condition,Hip,Repetitive movement or overuse,Construction,Heavy,General practitioner,Compulsory third-party insurance,2024-07-02,,Active,Full duties,,
E00495,P0396,Shoulder condition,Shoulder,Manual handling or lifting,Retail or hospitality,Medium,Employer,Workers' compensation,2026-02-13,2026-03-15,Completed,Full duties,Full duties,Goals achieved
E00496,P0397,Knee condition,Knee,Gradual or non-specific onset,Office or administration,Sedentary,Self-referral,Private health insurance,2025-03-17,2025-04-06,Completed,Reduced hours,Full duties,No further improvement
E00497,P0397,Wrist or hand condition,Wrist or hand,Manual handling or lifting,Construction,Heavy,Self-referral,Self-funded,2025-12-22,,Active,Full duties,,
E00498,P0398,Knee condition,Knee,"Slip, trip or fall",Transport,Sedentary,General practitioner,Private health insurance,2026-07-24,2026-09-28,Completed,Full duties,Full duties,Goals achieved
E00499,P0399,Neck pain,Cervical spine,Manual handling or lifting,Trades,Heavy,General practitioner,Private health insurance,2024-01-08,,Active,Full duties,,
E00500,P0400,Knee condition,Knee,Manual handling or lifting,Office or administration,Sedentary,Insurer or case manager,Workers' compensation,2025-12-04,2026-01-19,Completed,Reduced hours,Modified duties,Goals achieved
E00501,P0401,Knee condition,Knee,Repetitive movement or overuse,Trades,Heavy,General practitioner,Workers' compensation,2026-03-04,2026-05-16,Completed,Full duties,Full duties,Referred to another provider
E00502,P0402,Multiple regions,Multiple regions,Motor vehicle accident,Education,Medium,General practitioner,Private health insurance,2026-06-12,2026-08-02,Completed,Modified duties,Full duties,Referred to another provider
E00503,P0402,Neck pain,Cervical spine,Repetitive movement or overuse,Trades,Medium,Specialist,Workers' compensation,2026-08-05,2026-08-08,Completed,Full duties,Full duties,Goals achieved
E00504,P0403,Shoulder condition,Shoulder,Sports or exercise,Transport,Sedentary,Other allied-health provider,Workers' compensation,2024-06-01,2024-06-07,Completed,Full duties,Full duties,Patient discontinued
E00505,P0403,Hip condition,Hip,Gradual or non-specific onset,Transport,Sedentary,General practitioner,Workers' compensation,2025-07-31,,Active,Reduced hours,,
E00506,P0404,Shoulder condition,Shoulder,Motor vehicle accident,Retail or hospitality,Light,General practitioner,Private health insurance,2026-08-16,,Active,Full duties,,
E00507,P0405,Ankle or foot condition,Ankle or foot,Gradual or non-specific onset,Transport,Sedentary,Self-referral,Self-funded,2025-01-17,2025-02-20,Completed,Reduced hours,Full duties,Referred to another provider
E00508,P0405,Shoulder condition,Shoulder,Gradual or non-specific onset,Not currently employed,,Self-referral,Private health insurance,2025-08-11,2025-09-21,Completed,Not applicable,Not applicable,Patient discontinued
E00509,P0405,Low back pain,Lumbar spine,Direct impact,Office or administration,Sedentary,Self-referral,Private health insurance,2026-03-06,2026-04-21,Completed,Modified duties,Modified duties,Lost to follow-up
E00510,P0406,Ankle or foot condition,Ankle or foot,Gradual or non-specific onset,Healthcare,Medium,Insurer or case manager,Private health insurance,2024-12-08,2025-02-21,Discontinued,Reduced hours,Not working,Other
E00511,P0406,Low back pain,Lumbar spine,Gradual or non-specific onset,Office or administration,Sedentary,General practitioner,Private health insurance,2025-11-03,2025-11-16,Discontinued,Full duties,Full duties,Goals achieved
E00512,P0407,Low back pain,Lumbar spine,Sports or exercise,Not currently employed,,Self-referral,Private health insurance,2024-12-12,2025-01-13,Completed,Not applicable,Not applicable,Goals achieved
E00513,P0408,Knee condition,Knee,Manual handling or lifting,Retail or hospitality,Light,Self-referral,Private health insurance,2025-09-13,2025-10-19,Completed,Not working,Not working,Patient discontinued
E00514,P0408,Ankle or foot condition,Ankle or foot,Gradual or non-specific onset,Transport,Sedentary,General practitioner,Compulsory third-party insurance,2026-03-22,,Active,Full duties,,
E00515,P0409,Wrist or hand condition,Wrist or hand,Manual handling or lifting,Trades,Heavy,Specialist,Workers' compensation,2025-10-04,2025-11-17,Discontinued,Not working,Not working,Goals achieved
E00516,P0410,Low back pain,Lumbar spine,"Slip, trip or fall",Other,Light,Employer,Self-funded,2025-04-06,2025-04-24,Completed,Full duties,Full duties,Referred to another provider
E00517,P0410,Low back pain,Lumbar spine,"Slip, trip or fall",Office or administration,Light,General practitioner,Compulsory third-party insurance,2025-10-03,2025-10-17,Completed,Full duties,Reduced hours,Goals achieved
E00518,P0410,Multiple regions,Multiple regions,Gradual or non-specific onset,Education,Light,Specialist,Private health insurance,2026-04-01,2026-06-15,Completed,Modified duties,Full duties,Patient discontinued
E00519,P0411,Low back pain,Lumbar spine,Manual handling or lifting,Trades,Heavy,General practitioner,Self-funded,2024-03-10,2024-04-17,Completed,Full duties,Full duties,Goals achieved
E00520,P0412,Low back pain,Lumbar spine,"Slip, trip or fall",Office or administration,Light,General practitioner,Medicare-supported care,2026-08-18,2026-09-28,Completed,Modified duties,Full duties,Patient discontinued
E00521,P0413,Neck pain,Cervical spine,Gradual or non-specific onset,Education,Light,Self-referral,Self-funded,2024-08-04,,Active,Not working,,
E00522,P0414,Shoulder condition,Shoulder,Gradual or non-specific onset,Healthcare,Medium,Self-referral,Private health insurance,2024-04-01,2024-04-28,Completed,Not working,Not working,Patient discontinued
E00523,P0414,Wrist or hand condition,Wrist or hand,Gradual or non-specific onset,Manufacturing,Heavy,General practitioner,Self-funded,2025-06-30,,Active,Reduced hours,,
E00524,P0416,Ankle or foot condition,Ankle or foot,Repetitive movement or overuse,Retail or hospitality,Light,Other allied-health provider,Self-funded,2025-02-05,2025-07-10,Completed,Not working,Not working,Goals achieved
E00525,P0417,Ankle or foot condition,Ankle or foot,Gradual or non-specific onset,Construction,Heavy,Insurer or case manager,Workers' compensation,2025-08-22,2026-01-04,Completed,Modified duties,Not working,No further improvement
E00526,P0418,Low back pain,Lumbar spine,Sports or exercise,Office or administration,Light,Employer,Self-funded,2026-05-02,2026-05-20,Completed,Full duties,Not working,Goals achieved
E00527,P0418,Neck pain,Cervical spine,Direct impact,Office or administration,Light,Insurer or case manager,Self-funded,2026-07-16,,Active,Not working,,
E00528,P0419,Shoulder condition,Shoulder,Gradual or non-specific onset,Office or administration,Sedentary,General practitioner,Private health insurance,2024-04-04,,Active,Full duties,,
E00529,P0420,Low back pain,Lumbar spine,Repetitive movement or overuse,Manufacturing,Medium,Specialist,Workers' compensation,2024-10-03,2024-10-25,Completed,Full duties,Full duties,Goals achieved
E00530,P0420,Low back pain,Lumbar spine,Manual handling or lifting,Healthcare,Heavy,Self-referral,Private health insurance,2025-10-01,,Active,Full duties,,
E00531,P0421,Neck pain,Cervical spine,Gradual or non-specific onset,Construction,Heavy,Employer,Medicare-supported care,2025-05-18,2025-06-08,Completed,Full duties,Full duties,Goals achieved
E00532,P0424,Low back pain,Lumbar spine,Sports or exercise,Transport,Sedentary,General practitioner,Workers' compensation,2025-01-07,2025-03-06,Completed,Full duties,Full duties,Patient discontinued
E00533,P0425,Knee condition,Knee,Manual handling or lifting,Transport,Sedentary,General practitioner,Self-funded,2025-08-17,2025-10-26,Discontinued,Full duties,Full duties,No further improvement
E00534,P0426,Ankle or foot condition,Ankle or foot,Direct impact,Retail or hospitality,Light,Employer,Workers' compensation,2026-08-12,2026-08-23,Completed,Modified duties,Full duties,Patient discontinued
E00535,P0426,Low back pain,Lumbar spine,Repetitive movement or overuse,Not currently employed,,General practitioner,Private health insurance,2026-09-05,,Active,Not applicable,,
E00536,P0427,Shoulder condition,Shoulder,Gradual or non-specific onset,Healthcare,Medium,Specialist,Self-funded,2025-04-12,2025-06-28,Completed,Not working,Not working,Lost to follow-up
E00537,P0428,Hip condition,Hip,Manual handling or lifting,Trades,Medium,General practitioner,Self-funded,2026-05-10,2026-05-24,Completed,Not working,Not working,Goals achieved
E00538,P0428,Ankle or foot condition,Ankle or foot,Gradual or non-specific onset,Office or administration,Sedentary,Self-referral,Self-funded,2026-07-20,,Active,Full duties,,
E00539,P0429,Hip condition,Hip,"Slip, trip or fall",Transport,Sedentary,Insurer or case manager,Workers' compensation,2026-01-29,2026-05-15,Completed,Full duties,Full duties,Goals achieved
E00540,P0430,Shoulder condition,Shoulder,Sports or exercise,Other,Medium,Self-referral,Department of Veterans' Affairs,2024-10-20,2024-11-20,Completed,Modified duties,Not working,Referred to another provider
E00541,P0430,Hip condition,Hip,Manual handling or lifting,Trades,Medium,General practitioner,Self-funded,2025-10-09,2025-10-30,Completed,Full duties,Full duties,Lost to follow-up
E00542,P0431,Low back pain,Lumbar spine,Manual handling or lifting,Manufacturing,Medium,General practitioner,Self-funded,2024-08-31,2024-09-09,Completed,Full duties,Full duties,Goals achieved
E00543,P0431,Neck pain,Cervical spine,Repetitive movement or overuse,Manufacturing,Medium,General practitioner,Workers' compensation,2025-09-14,,Active,Reduced hours,,
E00544,P0432,Low back pain,Lumbar spine,Sports or exercise,Healthcare,Medium,General practitioner,Private health insurance,2026-01-20,2026-01-30,Completed,Not working,Reduced hours,Goals achieved
E00545,P0432,Shoulder condition,Shoulder,Gradual or non-specific onset,Transport,Heavy,Self-referral,Private health insurance,2026-05-26,2026-07-28,Completed,Full duties,Full duties,Referred to another provider
E00546,P0433,Neck pain,Cervical spine,Gradual or non-specific onset,Education,Medium,General practitioner,Department of Veterans' Affairs,2024-07-21,2024-08-19,Completed,Reduced hours,Modified duties,Goals achieved
E00547,P0434,Low back pain,Lumbar spine,Gradual or non-specific onset,Other,Light,General practitioner,Medicare-supported care,2024-11-24,2025-02-11,Completed,Reduced hours,Modified duties,Lost to follow-up
E00548,P0434,Ankle or foot condition,Ankle or foot,Manual handling or lifting,Retail or hospitality,Medium,General practitioner,Department of Veterans' Affairs,2025-10-27,2026-01-01,Completed,Not working,Reduced hours,Goals achieved
E00549,P0436,Neck pain,Cervical spine,Manual handling or lifting,Office or administration,Sedentary,Other allied-health provider,Private health insurance,2025-08-13,,Active,Full duties,,
E00550,P0437,Low back pain,Lumbar spine,Gradual or non-specific onset,Manufacturing,Medium,General practitioner,Private health insurance,2024-10-13,2024-12-25,Completed,Not working,Full duties,Goals achieved
E00551,P0438,Low back pain,Lumbar spine,Manual handling or lifting,Office or administration,Sedentary,Self-referral,Self-funded,2025-10-03,2025-10-22,Completed,Not working,Reduced hours,Goals achieved
E00552,P0439,Shoulder condition,Shoulder,Manual handling or lifting,Construction,Medium,Self-referral,Compulsory third-party insurance,2026-06-29,2026-09-28,Completed,Full duties,Full duties,Goals achieved
E00553,P0440,Neck pain,Cervical spine,Gradual or non-specific onset,Healthcare,Light,General practitioner,Private health insurance,2026-03-19,2026-07-06,Completed,Reduced hours,Full duties,Goals achieved
E00554,P0441,Neck pain,Cervical spine,Motor vehicle accident,Transport,Medium,Other allied-health provider,Private health insurance,2026-07-12,2026-07-22,Completed,Reduced hours,Full duties,Goals achieved
E00555,P0441,Low back pain,Lumbar spine,Repetitive movement or overuse,Construction,Medium,General practitioner,Private health insurance,2026-08-20,2026-09-28,Completed,Full duties,Full duties,No further improvement
E00556,P0442,Ankle or foot condition,Ankle or foot,Manual handling or lifting,Office or administration,Sedentary,Employer,Workers' compensation,2024-01-24,2024-02-03,Completed,Modified duties,Full duties,Goals achieved
E00557,P0443,Elbow condition,Elbow,Repetitive movement or overuse,Office or administration,Sedentary,Employer,Workers' compensation,2025-03-19,2025-05-17,Completed,Modified duties,Full duties,Goals achieved
E00558,P0444,Shoulder condition,Shoulder,Manual handling or lifting,Trades,Heavy,Insurer or case manager,Workers' compensation,2024-08-02,2024-10-22,Discontinued,Not working,Reduced hours,Goals achieved
E00559,P0445,Knee condition,Knee,"Slip, trip or fall",Transport,Sedentary,Self-referral,Private health insurance,2026-06-13,2026-06-30,Completed,Full duties,Reduced hours,Goals achieved
E00560,P0446,Wrist or hand condition,Wrist or hand,Repetitive movement or overuse,Office or administration,Sedentary,Insurer or case manager,Workers' compensation,2025-11-24,2026-01-13,Completed,Modified duties,Full duties,Goals achieved
E00561,P0447,Other,Other,Repetitive movement or overuse,Office or administration,Sedentary,Self-referral,Self-funded,2024-11-07,2025-01-28,Completed,Full duties,Full duties,Goals achieved
E00562,P0447,Knee condition,Knee,Motor vehicle accident,Manufacturing,Medium,Self-referral,Private health insurance,2025-06-25,2025-08-08,Discontinued,Reduced hours,Modified duties,Lost to follow-up
E00563,P0447,Wrist or hand condition,Wrist or hand,"Slip, trip or fall",Construction,Very heavy,Self-referral,Self-funded,2026-02-10,2026-03-16,Completed,Reduced hours,Reduced hours,Patient discontinued
E00564,P0448,Elbow condition,Elbow,"Slip, trip or fall",Manufacturing,Heavy,Self-referral,Self-funded,2025-07-02,2025-08-20,Completed,Modified duties,Full duties,Goals achieved
E00565,P0449,Hip condition,Hip,Gradual or non-specific onset,Retail or hospitality,Medium,Self-referral,Self-funded,2025-08-12,2025-09-23,Completed,Modified duties,Full duties,Goals achieved
E00566,P0450,Shoulder condition,Shoulder,Gradual or non-specific onset,Not currently employed,,General practitioner,Other,2025-04-27,2025-08-23,Completed,Not applicable,Not applicable,Goals achieved
E00567,P0452,Low back pain,Lumbar spine,Repetitive movement or overuse,Construction,Heavy,General practitioner,Self-funded,2024-02-23,2024-05-02,Completed,Full duties,Full duties,Goals achieved
E00568,P0452,Low back pain,Lumbar spine,Manual handling or lifting,Transport,Medium,Self-referral,Self-funded,2025-06-11,,Active,Full duties,,
E00569,P0453,Shoulder condition,Shoulder,Repetitive movement or overuse,Office or administration,Sedentary,General practitioner,Workers' compensation,2025-03-16,2025-07-06,Completed,Reduced hours,Reduced hours,Goals achieved
E00570,P0454,Shoulder condition,Shoulder,"Slip, trip or fall",Not currently employed,,Self-referral,Self-funded,2024-12-05,2025-02-18,Completed,Not applicable,Not applicable,Lost to follow-up
E00571,P0455,Shoulder condition,Shoulder,Manual handling or lifting,Other,Light,General practitioner,Private health insurance,2026-03-07,2026-05-24,Completed,Full duties,Full duties,Referred to another provider
E00572,P0456,Knee condition,Knee,Gradual or non-specific onset,Transport,Sedentary,Employer,Workers' compensation,2026-04-22,2026-08-14,Discontinued,Not working,Not working,Goals achieved
E00573,P0457,Knee condition,Knee,Repetitive movement or overuse,Retail or hospitality,Medium,Specialist,Private health insurance,2025-12-31,2026-03-28,Completed,Reduced hours,Not working,Lost to follow-up
E00574,P0457,Hip condition,Hip,Manual handling or lifting,Construction,Heavy,Self-referral,Self-funded,2026-03-31,2026-06-27,Completed,Not working,Not working,Patient discontinued
E00575,P0457,Low back pain,Lumbar spine,Sports or exercise,Education,Light,Employer,Workers' compensation,2026-06-30,2026-08-05,Completed,Full duties,Full duties,Goals achieved
E00576,P0458,Low back pain,Lumbar spine,Sports or exercise,Transport,Sedentary,General practitioner,Self-funded,2024-01-31,,Active,Modified duties,,
E00577,P0459,Hip condition,Hip,Manual handling or lifting,Construction,Heavy,General practitioner,Self-funded,2026-03-30,2026-06-10,Completed,Full duties,Full duties,Goals achieved
E00578,P0459,Hip condition,Hip,Sports or exercise,Retail or hospitality,Light,Self-referral,Private health insurance,2026-06-29,2026-09-12,Discontinued,Not working,Not working,Referred to another provider
E00579,P0460,Other,Other,Repetitive movement or overuse,Retail or hospitality,Medium,Employer,Self-funded,2025-01-21,2025-06-20,Completed,Reduced hours,Not working,Patient discontinued
E00580,P0461,Wrist or hand condition,Wrist or hand,Sports or exercise,Education,Medium,Specialist,Private health insurance,2025-02-09,2025-03-19,Completed,Reduced hours,Full duties,Referred to another provider
E00581,P0462,Wrist or hand condition,Wrist or hand,Gradual or non-specific onset,Transport,Medium,Specialist,Compulsory third-party insurance,2026-07-09,2026-08-31,Completed,Reduced hours,Not working,Lost to follow-up
E00582,P0463,Neck pain,Cervical spine,Sports or exercise,Manufacturing,Medium,Specialist,Self-funded,2026-04-24,2026-05-03,Completed,Full duties,Full duties,Goals achieved
E00583,P0463,Shoulder condition,Shoulder,Sports or exercise,Manufacturing,Medium,General practitioner,Medicare-supported care,2026-07-12,,Active,Reduced hours,,
E00584,P0464,Low back pain,Lumbar spine,Manual handling or lifting,Construction,Very heavy,Specialist,Self-funded,2024-02-19,2024-04-29,Completed,Not working,Reduced hours,Patient discontinued
E00585,P0465,Knee condition,Knee,Repetitive movement or overuse,Healthcare,Medium,General practitioner,Medicare-supported care,2024-12-16,2025-01-16,Completed,Full duties,Full duties,Goals achieved
E00586,P0466,Elbow condition,Elbow,"Slip, trip or fall",Office or administration,Sedentary,General practitioner,Private health insurance,2025-12-31,,Active,Not working,,
E00587,P0467,Neck pain,Cervical spine,Gradual or non-specific onset,Education,Light,General practitioner,Private health insurance,2025-06-08,2025-06-30,Completed,Not working,Modified duties,Goals achieved
E00588,P0468,Knee condition,Knee,Sports or exercise,Retail or hospitality,Medium,Self-referral,Private health insurance,2024-09-07,2024-10-10,Completed,Not working,Not working,Goals achieved
E00589,P0468,Neck pain,Cervical spine,Direct impact,Retail or hospitality,Medium,Self-referral,Private health insurance,2025-09-18,,Active,Not working,,
E00590,P0469,Low back pain,Lumbar spine,"Slip, trip or fall",Construction,Very heavy,Insurer or case manager,Compulsory third-party insurance,2025-05-26,2025-08-08,Completed,Full duties,Full duties,Goals achieved
E00591,P0470,Low back pain,Lumbar spine,Manual handling or lifting,Construction,Heavy,General practitioner,Workers' compensation,2026-04-24,,Active,Modified duties,,
E00592,P0471,Low back pain,Lumbar spine,Repetitive movement or overuse,Manufacturing,Medium,General practitioner,Workers' compensation,2024-08-05,2024-08-25,Discontinued,Full duties,Full duties,Goals achieved
E00593,P0472,Multiple regions,Multiple regions,Other,Construction,Heavy,Specialist,Self-funded,2025-12-27,2026-03-20,Completed,Not working,Reduced hours,Goals achieved
E00594,P0473,Shoulder condition,Shoulder,Repetitive movement or overuse,Office or administration,Sedentary,General practitioner,Workers' compensation,2025-12-16,2025-12-25,Completed,Full duties,Full duties,Goals achieved
E00595,P0474,Hip condition,Hip,Gradual or non-specific onset,Education,Medium,Insurer or case manager,Workers' compensation,2026-05-12,,Active,Not working,,
E00596,P0475,Knee condition,Knee,Gradual or non-specific onset,Healthcare,Medium,General practitioner,Medicare-supported care,2024-10-17,2025-03-09,Completed,Full duties,Full duties,Goals achieved
E00597,P0476,Low back pain,Lumbar spine,"Slip, trip or fall",Healthcare,Medium,General practitioner,Workers' compensation,2024-07-29,2024-08-14,Completed,Full duties,Full duties,Goals achieved
E00598,P0477,Low back pain,Lumbar spine,Manual handling or lifting,Retail or hospitality,Medium,Self-referral,Workers' compensation,2025-06-17,,Active,Full duties,,
E00599,P0478,Hip condition,Hip,Gradual or non-specific onset,Education,Light,Self-referral,Private health insurance,2025-06-01,2025-07-21,Completed,Reduced hours,Modified duties,Other
E00600,P0479,Low back pain,Lumbar spine,Manual handling or lifting,Healthcare,Light,General practitioner,Other,2025-02-02,2025-02-16,Completed,Full duties,Full duties,Goals achieved
E00601,P0480,Elbow condition,Elbow,"Slip, trip or fall",Education,Light,General practitioner,Private health insurance,2026-01-29,2026-03-18,Completed,Full duties,Full duties,Goals achieved
E00602,P0481,Low back pain,Lumbar spine,Manual handling or lifting,Not currently employed,,Self-referral,Self-funded,2026-02-17,2026-04-09,Completed,Not applicable,Not applicable,Patient discontinued
E00603,P0482,Knee condition,Knee,"Slip, trip or fall",Transport,Heavy,General practitioner,Medicare-supported care,2024-08-27,2024-09-19,Discontinued,Full duties,Full duties,Goals achieved
E00604,P0483,Hip condition,Hip,Sports or exercise,Retail or hospitality,Medium,Specialist,Private health insurance,2026-02-13,,Active,Full duties,,
E00605,P0484,Low back pain,Lumbar spine,Direct impact,Transport,Medium,General practitioner,Private health insurance,2024-08-12,,Active,Not working,,
E00606,P0486,Low back pain,Lumbar spine,Motor vehicle accident,Retail or hospitality,Medium,Self-referral,Self-funded,2024-01-27,,Active,Modified duties,,
E00607,P0487,Multiple regions,Multiple regions,Manual handling or lifting,Healthcare,Heavy,General practitioner,Self-funded,2024-11-27,,Active,Full duties,,
E00608,P0488,Low back pain,Lumbar spine,Sports or exercise,Retail or hospitality,Medium,Other allied-health provider,Compulsory third-party insurance,2026-07-22,2026-09-14,Completed,Full duties,Full duties,Patient discontinued
E00609,P0489,Shoulder condition,Shoulder,Gradual or non-specific onset,Healthcare,Heavy,Self-referral,Medicare-supported care,2025-03-07,,Active,Full duties,,
E00610,P0490,Shoulder condition,Shoulder,Other,Office or administration,Sedentary,Other,Self-funded,2025-11-22,2026-04-16,Completed,Full duties,Modified duties,Goals achieved
E00611,P0491,Low back pain,Lumbar spine,Manual handling or lifting,Healthcare,Heavy,Other allied-health provider,Department of Veterans' Affairs,2024-04-15,2024-05-06,Completed,Full duties,Full duties,Patient discontinued
E00612,P0492,Ankle or foot condition,Ankle or foot,Repetitive movement or overuse,Office or administration,Sedentary,General practitioner,Workers' compensation,2025-09-11,2025-11-03,Completed,Full duties,Full duties,Goals achieved
E00613,P0493,Ankle or foot condition,Ankle or foot,"Slip, trip or fall",Healthcare,Heavy,General practitioner,Medicare-supported care,2024-12-27,2025-01-11,Completed,Full duties,Full duties,Referred to another provider
E00614,P0494,Neck pain,Cervical spine,Gradual or non-specific onset,Manufacturing,Medium,Self-referral,Private health insurance,2025-12-25,2026-01-23,Completed,Full duties,Full duties,Goals achieved
E00615,P0495,Hip condition,Hip,Motor vehicle accident,Not currently employed,,Insurer or case manager,Self-funded,2026-06-22,2026-07-04,Completed,Not applicable,Not applicable,Goals achieved
E00616,P0495,Low back pain,Lumbar spine,Gradual or non-specific onset,Office or administration,Sedentary,Self-referral,Private health insurance,2026-08-10,2026-09-28,Completed,Not working,Not working,Patient discontinued
E00617,P0496,Low back pain,Lumbar spine,Manual handling or lifting,Manufacturing,Heavy,Self-referral,Private health insurance,2025-06-01,2025-08-23,Completed,Full duties,Full duties,Lost to follow-up
E00618,P0497,Knee condition,Knee,Manual handling or lifting,Retail or hospitality,Light,Insurer or case manager,Workers' compensation,2024-04-10,2024-05-12,Completed,Reduced hours,Full duties,Referred to another provider
E00619,P0498,Other,Other,Manual handling or lifting,Office or administration,Light,Employer,Private health insurance,2025-04-08,2025-05-17,Discontinued,Reduced hours,Reduced hours,Lost to follow-up
E00620,P0499,Low back pain,Lumbar spine,Manual handling or lifting,Construction,Heavy,Other allied-health provider,Workers' compensation,2024-04-29,2024-07-14,Completed,Not working,Not working,Goals achieved
E00621,P0500,Low back pain,Lumbar spine,Motor vehicle accident,Office or administration,Sedentary,General practitioner,Compulsory third-party insurance,2025-03-13,2025-06-01,Completed,Full duties,Full duties,No further improvement
E00622,P0501,Shoulder condition,Shoulder,Manual handling or lifting,Construction,Medium,General practitioner,Private health insurance,2024-02-29,2024-08-14,Completed,Not working,Full duties,Goals achieved
E00623,P0502,Hip condition,Hip,Manual handling or lifting,Construction,Very heavy,Self-referral,Self-funded,2025-09-15,2026-01-06,Completed,Not working,Reduced hours,Goals achieved
E00624,P0502,Low back pain,Lumbar spine,Motor vehicle accident,Healthcare,Medium,General practitioner,Medicare-supported care,2026-03-23,2026-04-20,Completed,Not working,Full duties,Referred to another provider
E00625,P0503,Neck pain,Cervical spine,"Slip, trip or fall",Retail or hospitality,Light,General practitioner,Medicare-supported care,2024-10-29,2024-12-09,Completed,Not working,Modified duties,Goals achieved
E00626,P0503,Ankle or foot condition,Ankle or foot,Gradual or non-specific onset,Office or administration,Sedentary,General practitioner,Private health insurance,2025-10-14,2026-02-22,Completed,Full duties,Full duties,Goals achieved
E00627,P0504,Neck pain,Cervical spine,Direct impact,Office or administration,Sedentary,Employer,Other,2024-07-15,,Active,Not working,,
E00628,P0505,Low back pain,Lumbar spine,Gradual or non-specific onset,Office or administration,Sedentary,General practitioner,Medicare-supported care,2024-01-17,2024-02-16,Completed,Not working,Not working,Goals achieved
E00629,P0506,Low back pain,Lumbar spine,Repetitive movement or overuse,Retail or hospitality,Medium,Employer,Workers' compensation,2026-05-14,2026-07-06,Completed,Full duties,Full duties,Patient discontinued
E00630,P0506,Shoulder condition,Shoulder,Repetitive movement or overuse,Healthcare,Medium,Employer,Self-funded,2026-07-22,2026-09-06,Completed,Full duties,Full duties,Goals achieved
E00631,P0507,Shoulder condition,Shoulder,"Slip, trip or fall",Retail or hospitality,Medium,Employer,Workers' compensation,2026-03-26,2026-04-08,Completed,Not working,Reduced hours,Goals achieved
E00632,P0508,Wrist or hand condition,Wrist or hand,Gradual or non-specific onset,Construction,Heavy,General practitioner,Medicare-supported care,2026-03-01,2026-05-31,Completed,Full duties,Full duties,Goals achieved
E00633,P0508,Knee condition,Knee,Gradual or non-specific onset,Office or administration,Light,General practitioner,Private health insurance,2026-06-15,,Active,Not working,,
E00634,P0509,Knee condition,Knee,"Slip, trip or fall",Not currently employed,,General practitioner,Other,2024-02-26,2024-05-20,Completed,Not applicable,Not applicable,Goals achieved
E00635,P0510,Other,Other,Gradual or non-specific onset,Office or administration,Sedentary,Insurer or case manager,Compulsory third-party insurance,2024-12-06,,Active,Modified duties,,
E00636,P0511,Shoulder condition,Shoulder,Manual handling or lifting,Office or administration,Sedentary,Self-referral,Self-funded,2026-08-04,,Active,Reduced hours,,
E00637,P0512,Shoulder condition,Shoulder,Sports or exercise,Office or administration,Sedentary,General practitioner,Workers' compensation,2025-07-17,2025-08-17,Completed,Full duties,Full duties,Patient discontinued
E00638,P0512,Elbow condition,Elbow,Sports or exercise,Other,Medium,Other,Self-funded,2026-02-21,2026-05-15,Completed,Reduced hours,Reduced hours,Goals achieved
E00639,P0513,Low back pain,Lumbar spine,Manual handling or lifting,Manufacturing,Heavy,Employer,Workers' compensation,2024-05-05,2024-07-29,Completed,Modified duties,Full duties,Goals achieved
E00640,P0514,Ankle or foot condition,Ankle or foot,Manual handling or lifting,Manufacturing,Heavy,Specialist,Medicare-supported care,2024-05-17,2024-07-10,Completed,Not working,Not working,Patient discontinued
E00641,P0515,Ankle or foot condition,Ankle or foot,Direct impact,Other,Light,Self-referral,Private health insurance,2024-09-13,2024-10-24,Completed,Full duties,Full duties,Patient discontinued
E00642,P0516,Low back pain,Lumbar spine,Manual handling or lifting,Office or administration,Sedentary,Other allied-health provider,Private health insurance,2026-08-05,2026-09-28,Completed,Full duties,Full duties,Lost to follow-up
E00643,P0517,Shoulder condition,Shoulder,Gradual or non-specific onset,Other,Medium,General practitioner,Self-funded,2024-06-14,2024-07-14,Discontinued,Full duties,Reduced hours,Patient discontinued
E00644,P0518,Low back pain,Lumbar spine,Manual handling or lifting,Construction,Very heavy,General practitioner,Compulsory third-party insurance,2026-05-29,2026-07-03,Completed,Full duties,Full duties,Goals achieved
E00645,P0520,Low back pain,Lumbar spine,Manual handling or lifting,Manufacturing,Medium,Insurer or case manager,Self-funded,2026-06-16,2026-08-06,Completed,Not working,Modified duties,No further improvement
E00646,P0520,Shoulder condition,Shoulder,Other,Healthcare,Medium,Insurer or case manager,Compulsory third-party insurance,2026-08-07,2026-09-22,Completed,Full duties,Full duties,Goals achieved
E00647,P0521,Neck pain,Cervical spine,Manual handling or lifting,Healthcare,Medium,Self-referral,Self-funded,2026-03-15,2026-05-05,Completed,Full duties,Full duties,Patient discontinued
E00648,P0521,Hip condition,Hip,Gradual or non-specific onset,Not currently employed,,General practitioner,Private health insurance,2026-06-22,,Active,Not applicable,,
E00649,P0522,Elbow condition,Elbow,Repetitive movement or overuse,Office or administration,Sedentary,General practitioner,Compulsory third-party insurance,2024-11-19,,Active,Not working,,
E00650,P0523,Hip condition,Hip,Gradual or non-specific onset,Other,Light,Specialist,Self-funded,2026-03-17,2026-05-20,Completed,Full duties,Full duties,Goals achieved
E00651,P0524,Low back pain,Lumbar spine,Manual handling or lifting,Healthcare,Medium,Employer,Self-funded,2024-06-13,2024-06-15,Completed,Full duties,Full duties,Goals achieved
E00652,P0525,Low back pain,Lumbar spine,Other,Manufacturing,Heavy,Self-referral,Private health insurance,2024-10-10,2024-11-06,Completed,Reduced hours,Full duties,Goals achieved
E00653,P0526,Low back pain,Lumbar spine,Sports or exercise,Other,Light,General practitioner,Private health insurance,2024-07-25,2025-07-13,Completed,Full duties,Full duties,Patient discontinued
E00654,P0527,Low back pain,Lumbar spine,Gradual or non-specific onset,Office or administration,Sedentary,Self-referral,Private health insurance,2024-05-09,2024-10-02,Completed,Not working,Modified duties,Goals achieved
E00655,P0527,Multiple regions,Multiple regions,Manual handling or lifting,Not currently employed,,Specialist,Self-funded,2025-02-24,2025-04-17,Completed,Not applicable,Not applicable,Referred to another provider
E00656,P0527,Shoulder condition,Shoulder,Gradual or non-specific onset,Manufacturing,Medium,Self-referral,Workers' compensation,2025-12-12,2026-02-22,Completed,Reduced hours,Full duties,Other
E00657,P0528,Low back pain,Lumbar spine,Gradual or non-specific onset,Transport,Heavy,Self-referral,Private health insurance,2024-03-28,2024-05-01,Completed,Full duties,Full duties,Lost to follow-up
E00658,P0528,Hip condition,Hip,Repetitive movement or overuse,Office or administration,Sedentary,Other,Private health insurance,2025-01-27,2025-01-31,Completed,Modified duties,Modified duties,Referred to another provider
E00659,P0528,Neck pain,Cervical spine,Repetitive movement or overuse,Retail or hospitality,Light,General practitioner,Private health insurance,2025-11-28,2026-01-13,Completed,Not working,Not working,No further improvement
E00660,P0529,Low back pain,Lumbar spine,Sports or exercise,Transport,Sedentary,Self-referral,Self-funded,2024-07-01,2024-07-19,Completed,Full duties,Full duties,Lost to follow-up
E00661,P0529,Low back pain,Lumbar spine,Motor vehicle accident,Retail or hospitality,Medium,Self-referral,Other,2025-08-15,2025-10-22,Completed,Reduced hours,Modified duties,Goals achieved
E00662,P0530,Knee condition,Knee,Gradual or non-specific onset,Office or administration,Light,Self-referral,Self-funded,2024-04-26,2024-08-05,Completed,Modified duties,Modified duties,Goals achieved
E00663,P0531,Hip condition,Hip,Motor vehicle accident,Construction,Medium,Insurer or case manager,Private health insurance,2025-01-05,,Active,Modified duties,,
E00664,P0532,Low back pain,Lumbar spine,Manual handling or lifting,Trades,Medium,Employer,Workers' compensation,2024-03-10,2024-03-28,Completed,Reduced hours,Full duties,Referred to another provider
E00665,P0533,Elbow condition,Elbow,Gradual or non-specific onset,Office or administration,Sedentary,Self-referral,Compulsory third-party insurance,2024-02-29,2024-05-12,Completed,Full duties,Full duties,Goals achieved
E00666,P0534,Wrist or hand condition,Wrist or hand,"Slip, trip or fall",Transport,Medium,General practitioner,Workers' compensation,2026-08-22,,Active,Modified duties,,
E00667,P0536,Hip condition,Hip,Gradual or non-specific onset,Other,Medium,General practitioner,Medicare-supported care,2024-03-13,2024-07-02,Completed,Full duties,Full duties,Lost to follow-up
E00668,P0537,Low back pain,Lumbar spine,Repetitive movement or overuse,Office or administration,Sedentary,General practitioner,Compulsory third-party insurance,2024-01-30,,Active,Reduced hours,,
E00669,P0538,Low back pain,Lumbar spine,Sports or exercise,Office or administration,Sedentary,General practitioner,Workers' compensation,2024-05-09,2024-06-20,Completed,Reduced hours,Full duties,Goals achieved
E00670,P0539,Wrist or hand condition,Wrist or hand,Manual handling or lifting,Transport,Medium,Self-referral,Other,2025-05-29,,Active,Full duties,,
E00671,P0540,Neck pain,Cervical spine,"Slip, trip or fall",Office or administration,Sedentary,Self-referral,Private health insurance,2026-03-16,2026-04-24,Completed,Full duties,Not working,Goals achieved
E00672,P0540,Knee condition,Knee,Gradual or non-specific onset,Manufacturing,Medium,Other,Medicare-supported care,2026-06-22,2026-08-22,Completed,Not working,Modified duties,Patient discontinued
E00673,P0541,Ankle or foot condition,Ankle or foot,"Slip, trip or fall",Transport,Sedentary,General practitioner,Medicare-supported care,2025-12-16,2026-01-07,Completed,Full duties,Full duties,Goals achieved
E00674,P0541,Low back pain,Lumbar spine,Gradual or non-specific onset,Manufacturing,Medium,Insurer or case manager,Compulsory third-party insurance,2026-03-21,2026-06-20,Completed,Full duties,Full duties,Goals achieved
E00675,P0541,Hip condition,Hip,Gradual or non-specific onset,Healthcare,Heavy,Self-referral,Self-funded,2026-06-25,,Active,Full duties,,
E00676,P0542,Elbow condition,Elbow,Manual handling or lifting,Transport,Medium,Specialist,Workers' compensation,2025-07-19,,Active,Modified duties,,
E00677,P0543,Ankle or foot condition,Ankle or foot,"Slip, trip or fall",Manufacturing,Heavy,Other allied-health provider,Private health insurance,2024-03-23,2024-05-03,Completed,Full duties,Full duties,Goals achieved
E00678,P0543,Shoulder condition,Shoulder,Gradual or non-specific onset,Construction,Very heavy,Self-referral,Workers' compensation,2025-06-26,2025-08-07,Completed,Not working,Modified duties,Lost to follow-up
E00679,P0544,Wrist or hand condition,Wrist or hand,Motor vehicle accident,Manufacturing,Medium,Employer,Self-funded,2026-01-24,2026-04-15,Completed,Reduced hours,Full duties,Goals achieved
E00680,P0544,Shoulder condition,Shoulder,Manual handling or lifting,Trades,Heavy,Specialist,Workers' compensation,2026-04-16,2026-05-09,Completed,Full duties,Full duties,Patient discontinued
E00681,P0544,Ankle or foot condition,Ankle or foot,Manual handling or lifting,Transport,Sedentary,General practitioner,Workers' compensation,2026-07-08,2026-09-28,Completed,Modified duties,Modified duties,Goals achieved
E00682,P0545,Hip condition,Hip,Manual handling or lifting,Retail or hospitality,Medium,Self-referral,Self-funded,2024-02-06,2024-06-07,Completed,Full duties,Full duties,Patient discontinued
E00683,P0546,Ankle or foot condition,Ankle or foot,Gradual or non-specific onset,Healthcare,Medium,General practitioner,Private health insurance,2025-09-06,2025-09-08,Completed,Full duties,Full duties,Patient discontinued
E00684,P0547,Neck pain,Cervical spine,Direct impact,Office or administration,Sedentary,General practitioner,Self-funded,2025-02-02,2025-04-01,Completed,Reduced hours,Reduced hours,Referred to another provider
E00685,P0548,Low back pain,Lumbar spine,Manual handling or lifting,Construction,Medium,General practitioner,Workers' compensation,2026-05-09,2026-06-06,Discontinued,Full duties,Full duties,Goals achieved
E00686,P0549,Low back pain,Lumbar spine,Repetitive movement or overuse,Office or administration,Sedentary,General practitioner,Workers' compensation,2024-10-26,2025-03-29,Completed,Not working,Not working,Patient discontinued
E00687,P0549,Shoulder condition,Shoulder,Repetitive movement or overuse,Other,Medium,General practitioner,Workers' compensation,2025-10-12,2025-12-08,Completed,Modified duties,Full duties,No further improvement
E00688,P0550,Shoulder condition,Shoulder,Manual handling or lifting,Construction,Heavy,Insurer or case manager,Private health insurance,2025-09-13,2025-11-13,Completed,Full duties,Full duties,Goals achieved
E00689,P0551,Knee condition,Knee,Repetitive movement or overuse,Education,Light,General practitioner,Medicare-supported care,2025-03-04,2025-06-19,Completed,Not working,Modified duties,Goals achieved
E00690,P0552,Neck pain,Cervical spine,Motor vehicle accident,Office or administration,Light,Insurer or case manager,Compulsory third-party insurance,2025-05-23,2025-06-29,Completed,Modified duties,Modified duties,Lost to follow-up
E00691,P0553,Hip condition,Hip,Repetitive movement or overuse,Construction,Very heavy,Self-referral,Private health insurance,2026-07-03,2026-08-01,Completed,Full duties,Full duties,Goals achieved
E00692,P0554,Elbow condition,Elbow,Manual handling or lifting,Healthcare,Medium,General practitioner,Self-funded,2025-11-25,2026-02-26,Discontinued,Modified duties,Modified duties,Patient discontinued
E00693,P0554,Low back pain,Lumbar spine,Repetitive movement or overuse,Healthcare,Medium,General practitioner,Self-funded,2026-04-28,,Active,Not working,,
E00694,P0556,Ankle or foot condition,Ankle or foot,Repetitive movement or overuse,Education,Medium,Other allied-health provider,Self-funded,2025-03-11,,Active,Modified duties,,
E00695,P0557,Knee condition,Knee,Manual handling or lifting,Not currently employed,,Self-referral,Private health insurance,2025-11-17,2026-01-05,Completed,Not applicable,Not applicable,Patient discontinued
E00696,P0558,Shoulder condition,Shoulder,Repetitive movement or overuse,Trades,Very heavy,Other allied-health provider,Private health insurance,2024-12-03,2024-12-13,Completed,Modified duties,Reduced hours,Goals achieved
E00697,P0559,Low back pain,Lumbar spine,Manual handling or lifting,Office or administration,Sedentary,Self-referral,Private health insurance,2024-06-12,2024-10-06,Completed,Modified duties,Full duties,No further improvement
E00698,P0560,Hip condition,Hip,"Slip, trip or fall",Education,Light,Specialist,Private health insurance,2025-03-31,2025-04-13,Completed,Full duties,Full duties,Goals achieved
E00699,P0561,Multiple regions,Multiple regions,Direct impact,Office or administration,Sedentary,Specialist,Private health insurance,2024-03-07,2024-07-26,Completed,Full duties,Full duties,Goals achieved
E00700,P0562,Ankle or foot condition,Ankle or foot,Direct impact,Not currently employed,,Other allied-health provider,Medicare-supported care,2024-06-14,2024-09-02,Completed,Not applicable,Not applicable,Goals achieved
E00701,P0563,Elbow condition,Elbow,"Slip, trip or fall",Retail or hospitality,Medium,General practitioner,Workers' compensation,2025-02-13,2025-06-29,Completed,Modified duties,Full duties,Goals achieved
E00702,P0563,Other,Other,Repetitive movement or overuse,Healthcare,Medium,Other allied-health provider,Self-funded,2025-12-06,2026-01-10,Completed,Not working,Modified duties,Goals achieved
E00703,P0564,Neck pain,Cervical spine,Sports or exercise,Office or administration,Sedentary,Self-referral,Workers' compensation,2026-02-14,2026-03-14,Completed,Reduced hours,Full duties,No further improvement
E00704,P0565,Knee condition,Knee,Gradual or non-specific onset,Office or administration,Sedentary,Employer,Self-funded,2026-01-31,2026-05-15,Completed,Full duties,Full duties,No further improvement
E00705,P0566,Shoulder condition,Shoulder,Manual handling or lifting,Construction,Very heavy,Self-referral,Private health insurance,2024-09-10,2024-10-04,Completed,Modified duties,Modified duties,Referred to another provider
E00706,P0567,Other,Other,Gradual or non-specific onset,Not currently employed,,Self-referral,Private health insurance,2025-02-14,2025-05-08,Completed,Not applicable,Not applicable,Patient discontinued
E00707,P0567,Low back pain,Lumbar spine,Gradual or non-specific onset,Education,Medium,Self-referral,Private health insurance,2025-12-07,2026-02-05,Completed,Full duties,Full duties,Referred to another provider
E00708,P0568,Shoulder condition,Shoulder,Direct impact,Other,Medium,Insurer or case manager,Workers' compensation,2024-05-29,2024-08-20,Completed,Full duties,Full duties,Other
E00709,P0569,Wrist or hand condition,Wrist or hand,"Slip, trip or fall",Office or administration,Sedentary,General practitioner,Self-funded,2026-01-05,2026-02-05,Completed,Reduced hours,Reduced hours,Goals achieved
E00710,P0570,Neck pain,Cervical spine,Manual handling or lifting,Manufacturing,Heavy,Self-referral,Self-funded,2024-08-27,,Active,Full duties,,
E00711,P0571,Hip condition,Hip,Manual handling or lifting,Construction,Very heavy,Employer,Workers' compensation,2026-02-17,2026-03-15,Completed,Not working,Not working,Lost to follow-up
E00712,P0572,Neck pain,Cervical spine,Sports or exercise,Retail or hospitality,Light,Specialist,Other,2026-03-31,2026-05-21,Completed,Modified duties,Reduced hours,Goals achieved
E00713,P0572,Multiple regions,Multiple regions,Manual handling or lifting,Healthcare,Light,Self-referral,Self-funded,2026-06-30,2026-07-08,Completed,Reduced hours,Modified duties,Goals achieved
E00714,P0573,Wrist or hand condition,Wrist or hand,Sports or exercise,Construction,Very heavy,Self-referral,Self-funded,2025-11-02,2025-11-27,Completed,Not working,Not working,Goals achieved
E00715,P0574,Neck pain,Cervical spine,Other,Manufacturing,Medium,Self-referral,Self-funded,2024-11-17,2024-12-28,Completed,Reduced hours,Modified duties,Goals achieved
E00716,P0574,Ankle or foot condition,Ankle or foot,Manual handling or lifting,Construction,Heavy,Employer,Workers' compensation,2025-10-23,,Active,Not working,,
E00717,P0575,Neck pain,Cervical spine,Gradual or non-specific onset,Retail or hospitality,Medium,Employer,Workers' compensation,2026-07-17,2026-08-22,Discontinued,Not working,Not working,Goals achieved
E00718,P0575,Knee condition,Knee,Manual handling or lifting,Transport,Medium,Employer,Workers' compensation,2026-08-23,2026-09-28,Discontinued,Modified duties,Modified duties,Goals achieved
E00719,P0576,Knee condition,Knee,Gradual or non-specific onset,Office or administration,Sedentary,Employer,Private health insurance,2025-10-30,2025-12-17,Completed,Full duties,Full duties,Other
E00720,P0577,Hip condition,Hip,Gradual or non-specific onset,Not currently employed,,Self-referral,Self-funded,2025-09-21,2025-11-04,Completed,Not applicable,Not applicable,Other
E00721,P0577,Low back pain,Lumbar spine,Gradual or non-specific onset,Retail or hospitality,Medium,General practitioner,Medicare-supported care,2026-03-26,2026-04-27,Completed,Full duties,Not working,No further improvement
E00722,P0578,Low back pain,Lumbar spine,Gradual or non-specific onset,Education,Light,Self-referral,Self-funded,2026-04-14,2026-05-15,Completed,Not working,Not working,Goals achieved
E00723,P0579,Ankle or foot condition,Ankle or foot,Manual handling or lifting,Transport,Heavy,General practitioner,Other,2026-05-08,2026-06-28,Completed,Full duties,Full duties,Goals achieved
E00724,P0579,Knee condition,Knee,Gradual or non-specific onset,Transport,Sedentary,General practitioner,Self-funded,2026-07-19,2026-08-28,Completed,Not working,Reduced hours,Patient discontinued
E00725,P0580,Shoulder condition,Shoulder,Sports or exercise,Transport,Medium,Employer,Self-funded,2024-03-16,2024-04-26,Discontinued,Full duties,Full duties,Goals achieved
E00726,P0581,Low back pain,Lumbar spine,Gradual or non-specific onset,Trades,Heavy,Self-referral,Self-funded,2026-05-08,,Active,Reduced hours,,
E00727,P0582,Neck pain,Cervical spine,"Slip, trip or fall",Manufacturing,Medium,Self-referral,Self-funded,2026-01-15,,Active,Full duties,,
E00728,P0583,Wrist or hand condition,Wrist or hand,Manual handling or lifting,Construction,Heavy,Other,Medicare-supported care,2024-07-20,2024-09-01,Completed,Not working,Full duties,Goals achieved
E00729,P0584,Low back pain,Lumbar spine,Gradual or non-specific onset,Office or administration,Light,General practitioner,Private health insurance,2024-10-26,2024-11-28,Completed,Full duties,Full duties,Goals achieved
E00730,P0585,Neck pain,Cervical spine,Gradual or non-specific onset,Manufacturing,Medium,General practitioner,Self-funded,2026-01-03,2026-03-17,Completed,Full duties,Full duties,Referred to another provider
E00731,P0585,Multiple regions,Multiple regions,Sports or exercise,Office or administration,Sedentary,General practitioner,Workers' compensation,2026-05-17,2026-07-31,Discontinued,Not working,Modified duties,Goals achieved
E00732,P0586,Low back pain,Lumbar spine,Manual handling or lifting,Construction,Heavy,General practitioner,Medicare-supported care,2024-07-29,2024-09-12,Completed,Full duties,Full duties,Referred to another provider
E00733,P0587,Ankle or foot condition,Ankle or foot,Repetitive movement or overuse,Office or administration,Light,Employer,Workers' compensation,2025-03-16,2025-04-13,Completed,Full duties,Full duties,No further improvement
E00734,P0588,Low back pain,Lumbar spine,Gradual or non-specific onset,Retail or hospitality,Medium,Employer,Department of Veterans' Affairs,2025-11-01,,Active,Not working,,
E00735,P0589,Wrist or hand condition,Wrist or hand,Other,Office or administration,Sedentary,General practitioner,Medicare-supported care,2025-09-25,2025-12-15,Completed,Not working,Modified duties,Referred to another provider
E00736,P0591,Ankle or foot condition,Ankle or foot,Gradual or non-specific onset,Manufacturing,Heavy,General practitioner,Self-funded,2024-04-18,2024-06-20,Completed,Full duties,Full duties,Goals achieved
E00737,P0591,Wrist or hand condition,Wrist or hand,Manual handling or lifting,Education,Light,General practitioner,Medicare-supported care,2025-07-09,2025-10-20,Completed,Modified duties,Reduced hours,Goals achieved
E00738,P0592,Low back pain,Lumbar spine,Motor vehicle accident,Education,Light,General practitioner,Compulsory third-party insurance,2024-10-14,2024-12-12,Completed,Full duties,Full duties,Referred to another provider
E00739,P0593,Shoulder condition,Shoulder,Manual handling or lifting,Construction,Heavy,Self-referral,Private health insurance,2026-08-17,2026-09-28,Completed,Full duties,Full duties,No further improvement
E00740,P0594,Ankle or foot condition,Ankle or foot,Gradual or non-specific onset,Retail or hospitality,Light,Employer,Workers' compensation,2025-07-08,2025-11-25,Completed,Reduced hours,Modified duties,Goals achieved
E00741,P0596,Low back pain,Lumbar spine,"Slip, trip or fall",Manufacturing,Medium,General practitioner,Self-funded,2024-10-09,2024-10-11,Completed,Full duties,Modified duties,Goals achieved
E00742,P0597,Low back pain,Lumbar spine,Gradual or non-specific onset,Retail or hospitality,Medium,Insurer or case manager,Workers' compensation,2024-11-26,2025-04-09,Completed,Modified duties,Full duties,Lost to follow-up
E00743,P0598,Low back pain,Lumbar spine,Gradual or non-specific onset,Transport,Sedentary,Specialist,Private health insurance,2025-06-23,2025-08-27,Completed,Full duties,Full duties,Goals achieved
E00744,P0599,Multiple regions,Multiple regions,Manual handling or lifting,Construction,Heavy,General practitioner,Workers' compensation,2024-10-04,2024-11-11,Completed,Not working,Modified duties,Lost to follow-up
E00745,P0599,Ankle or foot condition,Ankle or foot,Gradual or non-specific onset,Other,Light,Self-referral,Self-funded,2025-06-02,2025-08-23,Completed,Modified duties,Reduced hours,Patient discontinued
E00746,P0599,Knee condition,Knee,Motor vehicle accident,Office or administration,Sedentary,Employer,Workers' compensation,2026-01-30,2026-02-28,Completed,Full duties,Full duties,Referred to another provider
E00747,P0600,Ankle or foot condition,Ankle or foot,Sports or exercise,Education,Light,General practitioner,Private health insurance,2025-08-28,2025-11-06,Completed,Not working,Not working,Goals achieved
E00748,P0601,Shoulder condition,Shoulder,Manual handling or lifting,Manufacturing,Heavy,General practitioner,Workers' compensation,2025-03-09,2025-04-03,Discontinued,Not working,Reduced hours,Goals achieved
E00749,P0602,Shoulder condition,Shoulder,Gradual or non-specific onset,Construction,Heavy,Self-referral,Self-funded,2025-08-17,2025-10-07,Completed,Full duties,Full duties,Goals achieved
E00750,P0602,Shoulder condition,Shoulder,Repetitive movement or overuse,Transport,Sedentary,Other allied-health provider,Workers' compensation,2026-03-09,2026-08-12,Completed,Not working,Reduced hours,Goals achieved
E00751,P0603,Knee condition,Knee,Repetitive movement or overuse,Office or administration,Sedentary,Self-referral,Self-funded,2024-05-31,2024-06-26,Discontinued,Full duties,Full duties,Goals achieved
E00752,P0603,Low back pain,Lumbar spine,Gradual or non-specific onset,Education,Light,Self-referral,Private health insurance,2025-07-30,2025-09-26,Completed,Full duties,Full duties,Goals achieved
E00753,P0604,Wrist or hand condition,Wrist or hand,Motor vehicle accident,Manufacturing,Heavy,Self-referral,Self-funded,2025-08-30,,Active,Full duties,,
E00754,P0605,Hip condition,Hip,Repetitive movement or overuse,Office or administration,Sedentary,General practitioner,Compulsory third-party insurance,2026-06-19,2026-07-22,Discontinued,Full duties,Full duties,Goals achieved
E00755,P0605,Neck pain,Cervical spine,"Slip, trip or fall",Office or administration,Light,General practitioner,Private health insurance,2026-07-23,2026-08-25,Completed,Reduced hours,Reduced hours,Goals achieved
E00756,P0605,Knee condition,Knee,Gradual or non-specific onset,Education,Light,Self-referral,Workers' compensation,2026-08-26,2026-09-24,Completed,Modified duties,Modified duties,No further improvement
E00757,P0606,Low back pain,Lumbar spine,Gradual or non-specific onset,Construction,Medium,Insurer or case manager,Private health insurance,2024-05-11,2024-05-28,Completed,Not working,Modified duties,Goals achieved
E00758,P0606,Multiple regions,Multiple regions,Repetitive movement or overuse,Trades,Heavy,Insurer or case manager,Workers' compensation,2025-07-20,2025-09-27,Completed,Full duties,Full duties,Goals achieved
E00759,P0607,Elbow condition,Elbow,"Slip, trip or fall",Education,Light,Other allied-health provider,Private health insurance,2024-11-14,2024-12-07,Discontinued,Full duties,Full duties,Goals achieved
E00760,P0607,Elbow condition,Elbow,Manual handling or lifting,Transport,Sedentary,General practitioner,Self-funded,2025-10-22,2025-11-29,Completed,Full duties,Full duties,Goals achieved
E00761,P0608,Neck pain,Cervical spine,Gradual or non-specific onset,Construction,Very heavy,Self-referral,Self-funded,2025-11-06,2025-12-18,Completed,Full duties,Full duties,Goals achieved
E00762,P0609,Low back pain,Lumbar spine,"Slip, trip or fall",Transport,Sedentary,Self-referral,Private health insurance,2025-08-24,2025-10-04,Discontinued,Not working,Not working,Goals achieved
E00763,P0610,Low back pain,Lumbar spine,Gradual or non-specific onset,Not currently employed,,General practitioner,Self-funded,2025-10-19,2025-11-20,Completed,Not applicable,Not applicable,Goals achieved
E00764,P0611,Low back pain,Lumbar spine,Manual handling or lifting,Office or administration,Sedentary,General practitioner,Self-funded,2025-06-29,2025-10-07,Completed,Reduced hours,Reduced hours,Goals achieved
E00765,P0612,Low back pain,Lumbar spine,Repetitive movement or overuse,Healthcare,Medium,Specialist,Self-funded,2025-10-26,2025-11-10,Discontinued,Not working,Not working,Goals achieved
E00766,P0613,Low back pain,Lumbar spine,Gradual or non-specific onset,Construction,Heavy,Specialist,Other,2025-08-16,2025-11-27,Completed,Reduced hours,Full duties,No further improvement
E00767,P0613,Other,Other,Gradual or non-specific onset,Healthcare,Heavy,Self-referral,Self-funded,2025-12-30,2026-03-24,Completed,Full duties,Full duties,Goals achieved
E00768,P0613,Low back pain,Lumbar spine,Gradual or non-specific onset,Transport,Sedentary,General practitioner,Compulsory third-party insurance,2026-05-15,2026-06-22,Completed,Full duties,Full duties,Goals achieved
E00769,P0614,Low back pain,Lumbar spine,Motor vehicle accident,Retail or hospitality,Medium,Self-referral,Self-funded,2024-03-13,2024-04-12,Completed,Modified duties,Full duties,Goals achieved
E00770,P0614,Hip condition,Hip,Manual handling or lifting,Manufacturing,Heavy,General practitioner,Private health insurance,2025-01-17,2025-04-07,Discontinued,Not working,Not working,Goals achieved
E00771,P0614,Knee condition,Knee,Repetitive movement or overuse,Healthcare,Heavy,General practitioner,Private health insurance,2025-11-23,2025-12-12,Completed,Full duties,Full duties,Goals achieved
E00772,P0615,Ankle or foot condition,Ankle or foot,Other,Office or administration,Light,Self-referral,Self-funded,2026-01-01,2026-03-19,Discontinued,Full duties,Full duties,Patient discontinued
E00773,P0616,Knee condition,Knee,Repetitive movement or overuse,Construction,Very heavy,Self-referral,Self-funded,2025-03-11,2025-05-29,Completed,Reduced hours,Not working,Patient discontinued
E00774,P0617,Wrist or hand condition,Wrist or hand,Manual handling or lifting,Trades,Heavy,Other allied-health provider,Medicare-supported care,2024-02-20,2024-05-01,Completed,Full duties,Full duties,Goals achieved
E00775,P0618,Knee condition,Knee,Manual handling or lifting,Manufacturing,Medium,Specialist,Workers' compensation,2025-02-02,2025-03-18,Completed,Modified duties,Full duties,Referred to another provider
E00776,P0619,Shoulder condition,Shoulder,Manual handling or lifting,Healthcare,Medium,General practitioner,Workers' compensation,2025-02-27,2025-04-18,Completed,Full duties,Full duties,Patient discontinued
E00777,P0621,Ankle or foot condition,Ankle or foot,Repetitive movement or overuse,Education,Medium,General practitioner,Self-funded,2026-08-28,2026-09-12,Completed,Modified duties,Modified duties,Goals achieved
E00778,P0621,Shoulder condition,Shoulder,Direct impact,Office or administration,Sedentary,Specialist,Self-funded,2026-09-13,2026-09-28,Completed,Full duties,Full duties,Goals achieved
E00779,P0622,Neck pain,Cervical spine,Sports or exercise,Construction,Heavy,General practitioner,Workers' compensation,2024-08-04,2024-08-28,Completed,Not working,Not working,Other
E00780,P0623,Shoulder condition,Shoulder,Manual handling or lifting,Construction,Medium,General practitioner,Private health insurance,2024-11-18,2024-12-11,Completed,Reduced hours,Modified duties,Lost to follow-up
E00781,P0623,Low back pain,Lumbar spine,Manual handling or lifting,Other,Medium,Self-referral,Private health insurance,2025-07-02,2025-07-31,Discontinued,Full duties,Modified duties,Goals achieved
E00782,P0623,Hip condition,Hip,"Slip, trip or fall",Transport,Sedentary,General practitioner,Self-funded,2026-02-14,,Active,Not working,,
E00783,P0624,Low back pain,Lumbar spine,Gradual or non-specific onset,Manufacturing,Heavy,Self-referral,Private health insurance,2025-03-05,2025-05-23,Completed,Not working,Not working,Goals achieved
E00784,P0625,Low back pain,Lumbar spine,"Slip, trip or fall",Office or administration,Sedentary,Specialist,Workers' compensation,2026-03-21,2026-03-26,Completed,Reduced hours,Modified duties,Patient discontinued
E00785,P0625,Low back pain,Lumbar spine,Manual handling or lifting,Construction,Medium,General practitioner,Private health insurance,2026-05-24,2026-07-26,Completed,Not working,Not working,Goals achieved
E00786,P0625,Hip condition,Hip,Repetitive movement or overuse,Manufacturing,Heavy,Specialist,Private health insurance,2026-07-27,2026-08-24,Completed,Not working,Modified duties,Goals achieved
E00787,P0626,Neck pain,Cervical spine,"Slip, trip or fall",Healthcare,Heavy,General practitioner,Compulsory third-party insurance,2025-12-24,2026-03-13,Completed,Full duties,Full duties,Goals achieved
E00788,P0627,Knee condition,Knee,Manual handling or lifting,Not currently employed,,Self-referral,Other,2026-01-20,2026-05-10,Completed,Not applicable,Not applicable,Goals achieved
E00789,P0627,Wrist or hand condition,Wrist or hand,Gradual or non-specific onset,Education,Medium,General practitioner,Self-funded,2026-05-26,2026-09-15,Completed,Full duties,Full duties,Patient discontinued
E00790,P0628,Low back pain,Lumbar spine,"Slip, trip or fall",Retail or hospitality,Medium,Self-referral,Self-funded,2024-08-18,2024-10-09,Discontinued,Full duties,Full duties,Other
E00791,P0629,Ankle or foot condition,Ankle or foot,Manual handling or lifting,Transport,Sedentary,General practitioner,Workers' compensation,2026-04-03,2026-05-28,Completed,Modified duties,Full duties,Goals achieved
E00792,P0630,Neck pain,Cervical spine,Manual handling or lifting,Other,Medium,Self-referral,Private health insurance,2026-03-19,2026-04-11,Discontinued,Not working,Not working,Other
E00793,P0630,Low back pain,Lumbar spine,Repetitive movement or overuse,Retail or hospitality,Light,Self-referral,Self-funded,2026-06-24,,Active,Reduced hours,,
E00794,P0631,Knee condition,Knee,Manual handling or lifting,Manufacturing,Medium,Other,Private health insurance,2025-03-27,2025-12-21,Discontinued,Full duties,Not working,Other
E00795,P0631,Elbow condition,Elbow,Sports or exercise,Not currently employed,,General practitioner,Self-funded,2025-12-27,,Active,Not applicable,,
E00796,P0632,Neck pain,Cervical spine,Gradual or non-specific onset,Construction,Heavy,Other allied-health provider,Other,2025-06-15,2025-08-20,Completed,Not working,Reduced hours,Goals achieved
E00797,P0632,Knee condition,Knee,Manual handling or lifting,Trades,Medium,Insurer or case manager,Workers' compensation,2026-02-05,2026-03-14,Completed,Reduced hours,Not working,Goals achieved
E00798,P0634,Neck pain,Cervical spine,Motor vehicle accident,Office or administration,Sedentary,Self-referral,Other,2026-01-10,2026-03-12,Completed,Full duties,Full duties,Patient discontinued
E00799,P0636,Knee condition,Knee,Gradual or non-specific onset,Manufacturing,Heavy,General practitioner,Workers' compensation,2025-04-05,,Active,Not working,,
E00800,P0637,Knee condition,Knee,Manual handling or lifting,Education,Light,Self-referral,Workers' compensation,2025-06-10,2025-09-19,Discontinued,Full duties,Full duties,Goals achieved
E00801,P0638,Knee condition,Knee,Repetitive movement or overuse,Manufacturing,Heavy,Other,Workers' compensation,2025-05-01,2025-06-02,Discontinued,Modified duties,Modified duties,Goals achieved
E00802,P0639,Knee condition,Knee,Motor vehicle accident,Retail or hospitality,Medium,General practitioner,Medicare-supported care,2024-03-21,2024-05-23,Completed,Modified duties,Full duties,Goals achieved
E00803,P0639,Low back pain,Lumbar spine,Repetitive movement or overuse,Manufacturing,Medium,Self-referral,Self-funded,2025-06-25,,Active,Not working,,
E00804,P0640,Knee condition,Knee,"Slip, trip or fall",Office or administration,Sedentary,General practitioner,Self-funded,2025-08-26,2025-09-29,Completed,Full duties,Full duties,Goals achieved
E00805,P0640,Knee condition,Knee,Gradual or non-specific onset,Construction,Medium,Employer,Self-funded,2026-03-13,2026-07-27,Completed,Full duties,Full duties,Goals achieved
E00806,P0641,Knee condition,Knee,Manual handling or lifting,Construction,Medium,General practitioner,Private health insurance,2025-12-03,2026-03-01,Completed,Reduced hours,Full duties,Other
E00807,P0642,Low back pain,Lumbar spine,Direct impact,Manufacturing,Heavy,General practitioner,Self-funded,2026-06-22,2026-08-04,Completed,Not working,Modified duties,Goals achieved
E00808,P0642,Shoulder condition,Shoulder,Motor vehicle accident,Retail or hospitality,Light,General practitioner,Private health insurance,2026-08-10,2026-09-28,Completed,Full duties,Full duties,Goals achieved
E00809,P0644,Shoulder condition,Shoulder,Repetitive movement or overuse,Construction,Medium,Specialist,Workers' compensation,2025-04-24,2025-06-18,Completed,Full duties,Full duties,Goals achieved
E00810,P0645,Low back pain,Lumbar spine,Manual handling or lifting,Trades,Heavy,Insurer or case manager,Private health insurance,2026-07-23,2026-08-15,Completed,Not working,Not working,No further improvement
E00811,P0646,Low back pain,Lumbar spine,Manual handling or lifting,Healthcare,Light,Employer,Self-funded,2025-05-29,2025-06-11,Completed,Not working,Modified duties,Goals achieved
E00812,P0646,Shoulder condition,Shoulder,Gradual or non-specific onset,Retail or hospitality,Medium,General practitioner,Self-funded,2026-01-28,2026-01-30,Completed,Full duties,Full duties,Goals achieved
E00813,P0648,Ankle or foot condition,Ankle or foot,Motor vehicle accident,Healthcare,Heavy,Self-referral,Private health insurance,2025-08-09,,Active,Full duties,,
E00814,P0649,Low back pain,Lumbar spine,"Slip, trip or fall",Construction,Medium,Employer,Department of Veterans' Affairs,2026-08-30,,Active,Modified duties,,
E00815,P0651,Hip condition,Hip,Manual handling or lifting,Transport,Medium,Self-referral,Self-funded,2024-04-26,,Active,Reduced hours,,
E00816,P0652,Shoulder condition,Shoulder,Gradual or non-specific onset,Retail or hospitality,Light,General practitioner,Self-funded,2024-03-10,2024-05-03,Completed,Modified duties,Full duties,Lost to follow-up
E00817,P0652,Ankle or foot condition,Ankle or foot,Manual handling or lifting,Office or administration,Sedentary,Self-referral,Private health insurance,2025-06-19,,Active,Not working,,
E00818,P0653,Shoulder condition,Shoulder,Gradual or non-specific onset,Other,Light,General practitioner,Medicare-supported care,2025-02-03,,Active,Full duties,,
E00819,P0654,Shoulder condition,Shoulder,Sports or exercise,Education,Medium,Other allied-health provider,Workers' compensation,2025-05-17,,Active,Not working,,
E00820,P0655,Knee condition,Knee,Manual handling or lifting,Transport,Sedentary,Self-referral,Self-funded,2025-10-13,2025-11-17,Completed,Full duties,Full duties,Goals achieved
E00821,P0655,Elbow condition,Elbow,Manual handling or lifting,Trades,Heavy,General practitioner,Private health insurance,2026-04-06,2026-04-15,Completed,Not working,Not working,Goals achieved
E00822,P0656,Shoulder condition,Shoulder,Repetitive movement or overuse,Trades,Medium,Employer,Workers' compensation,2025-04-14,2025-11-02,Completed,Full duties,Full duties,Goals achieved
E00823,P0657,Shoulder condition,Shoulder,Other,Healthcare,Medium,General practitioner,Compulsory third-party insurance,2025-05-16,2025-07-11,Completed,Full duties,Full duties,Patient discontinued
E00824,P0657,Knee condition,Knee,Gradual or non-specific onset,Manufacturing,Medium,Insurer or case manager,Self-funded,2026-01-21,2026-01-26,Completed,Full duties,Full duties,Goals achieved
E00825,P0658,Ankle or foot condition,Ankle or foot,Manual handling or lifting,Manufacturing,Heavy,Self-referral,Private health insurance,2026-06-16,2026-08-13,Completed,Full duties,Full duties,Lost to follow-up
E00826,P0659,Low back pain,Lumbar spine,Manual handling or lifting,Construction,Very heavy,General practitioner,Private health insurance,2024-11-22,2025-02-12,Completed,Modified duties,Full duties,Referred to another provider
E00827,P0660,Shoulder condition,Shoulder,Gradual or non-specific onset,Construction,Medium,Self-referral,Private health insurance,2025-04-25,,Active,Reduced hours,,
E00828,P0661,Shoulder condition,Shoulder,Repetitive movement or overuse,Office or administration,Sedentary,General practitioner,Workers' compensation,2025-06-26,2025-09-03,Completed,Not working,Full duties,Goals achieved
E00829,P0662,Elbow condition,Elbow,Repetitive movement or overuse,Transport,Sedentary,General practitioner,Other,2025-04-01,2025-05-23,Completed,Modified duties,Full duties,Goals achieved
E00830,P0662,Shoulder condition,Shoulder,Gradual or non-specific onset,Education,Light,Self-referral,Other,2025-12-30,,Active,Modified duties,,
E00831,P0663,Shoulder condition,Shoulder,Gradual or non-specific onset,Education,Medium,General practitioner,Medicare-supported care,2026-07-31,2026-09-28,Completed,Full duties,Full duties,Referred to another provider
E00832,P0664,Multiple regions,Multiple regions,"Slip, trip or fall",Healthcare,Heavy,Employer,Private health insurance,2026-07-26,,Active,Not working,,
E00833,P0665,Shoulder condition,Shoulder,Manual handling or lifting,Construction,Very heavy,Self-referral,Other,2025-05-14,,Active,Full duties,,
E00834,P0666,Low back pain,Lumbar spine,Sports or exercise,Retail or hospitality,Light,General practitioner,Self-funded,2025-03-14,2025-03-24,Completed,Full duties,Full duties,Goals achieved
E00835,P0667,Low back pain,Lumbar spine,Repetitive movement or overuse,Retail or hospitality,Medium,Self-referral,Self-funded,2025-07-27,2025-10-16,Completed,Full duties,Full duties,Goals achieved
E00836,P0667,Low back pain,Lumbar spine,"Slip, trip or fall",Not currently employed,,Self-referral,Self-funded,2026-02-26,2026-04-14,Completed,Not applicable,Not applicable,Patient discontinued
E00837,P0668,Low back pain,Lumbar spine,Sports or exercise,Trades,Heavy,General practitioner,Private health insurance,2024-06-25,2024-08-22,Completed,Full duties,Full duties,Goals achieved
E00838,P0668,Shoulder condition,Shoulder,"Slip, trip or fall",Not currently employed,,Employer,Medicare-supported care,2025-03-27,2025-04-21,Completed,Not applicable,Not applicable,No further improvement
E00839,P0668,Ankle or foot condition,Ankle or foot,Repetitive movement or overuse,Trades,Heavy,Other,Other,2025-12-27,2026-02-16,Completed,Modified duties,Modified duties,Goals achieved
E00840,P0669,Ankle or foot condition,Ankle or foot,Manual handling or lifting,Other,Medium,General practitioner,Workers' compensation,2025-02-18,2025-03-07,Completed,Full duties,Full duties,Goals achieved
E00841,P0670,Low back pain,Lumbar spine,Manual handling or lifting,Retail or hospitality,Light,Insurer or case manager,Workers' compensation,2024-07-30,2024-10-17,Completed,Full duties,Full duties,Goals achieved
E00842,P0671,Knee condition,Knee,Manual handling or lifting,Office or administration,Sedentary,Self-referral,Self-funded,2024-05-20,,Active,Not working,,
E00843,P0672,Low back pain,Lumbar spine,Manual handling or lifting,Office or administration,Light,General practitioner,Private health insurance,2024-04-02,2024-06-01,Discontinued,Full duties,Full duties,Goals achieved
E00844,P0673,Multiple regions,Multiple regions,Gradual or non-specific onset,Healthcare,Medium,General practitioner,Medicare-supported care,2025-07-25,2025-09-24,Discontinued,Reduced hours,Reduced hours,Goals achieved
E00845,P0673,Low back pain,Lumbar spine,Manual handling or lifting,Construction,Very heavy,General practitioner,Workers' compensation,2025-12-15,2026-05-07,Discontinued,Full duties,Reduced hours,Goals achieved
E00846,P0673,Knee condition,Knee,Manual handling or lifting,Office or administration,Sedentary,General practitioner,Compulsory third-party insurance,2026-05-08,2026-07-14,Completed,Not working,Full duties,Goals achieved
E00847,P0674,Neck pain,Cervical spine,Gradual or non-specific onset,Not currently employed,,Other,Private health insurance,2024-01-01,2024-02-08,Completed,Not applicable,Not applicable,Goals achieved
E00848,P0675,Knee condition,Knee,Manual handling or lifting,Construction,Medium,Self-referral,Self-funded,2025-09-21,2026-01-01,Completed,Reduced hours,Reduced hours,Goals achieved
E00849,P0676,Shoulder condition,Shoulder,"Slip, trip or fall",Not currently employed,,General practitioner,Self-funded,2025-02-24,,Active,Not applicable,,
E00850,P0677,Ankle or foot condition,Ankle or foot,Repetitive movement or overuse,Education,Light,Self-referral,Workers' compensation,2024-12-22,2025-01-08,Completed,Full duties,Full duties,Lost to follow-up
E00851,P0677,Low back pain,Lumbar spine,"Slip, trip or fall",Manufacturing,Medium,Other allied-health provider,Workers' compensation,2025-11-10,2026-03-09,Completed,Not working,Reduced hours,Goals achieved
E00852,P0678,Elbow condition,Elbow,Manual handling or lifting,Transport,Medium,Self-referral,Department of Veterans' Affairs,2026-01-19,2026-02-04,Completed,Modified duties,Full duties,Goals achieved
E00853,P0679,Shoulder condition,Shoulder,"Slip, trip or fall",Healthcare,Light,Insurer or case manager,Self-funded,2025-06-08,2025-08-09,Completed,Full duties,Full duties,Referred to another provider
E00854,P0680,Ankle or foot condition,Ankle or foot,Sports or exercise,Manufacturing,Heavy,Insurer or case manager,Self-funded,2025-12-15,2026-02-01,Completed,Reduced hours,Full duties,Goals achieved
E00855,P0681,Hip condition,Hip,Gradual or non-specific onset,Construction,Very heavy,Self-referral,Private health insurance,2025-11-22,2026-02-02,Completed,Reduced hours,Full duties,Patient discontinued
E00856,P0682,Other,Other,Other,Not currently employed,,Self-referral,Private health insurance,2024-02-01,2024-02-23,Completed,Not applicable,Not applicable,Referred to another provider
E00857,P0684,Low back pain,Lumbar spine,Gradual or non-specific onset,Construction,Heavy,Self-referral,Self-funded,2025-07-09,2025-08-11,Completed,Full duties,Full duties,Referred to another provider
E00858,P0685,Neck pain,Cervical spine,Repetitive movement or overuse,Construction,Medium,Insurer or case manager,Workers' compensation,2026-08-08,2026-09-10,Completed,Full duties,Full duties,Goals achieved
E00859,P0686,Low back pain,Lumbar spine,Sports or exercise,Transport,Sedentary,Self-referral,Self-funded,2024-05-30,2024-07-26,Completed,Full duties,Full duties,Referred to another provider
E00860,P0687,Low back pain,Lumbar spine,Manual handling or lifting,Transport,Medium,General practitioner,Self-funded,2024-04-12,2024-05-15,Discontinued,Modified duties,Not working,Goals achieved
E00861,P0688,Knee condition,Knee,Repetitive movement or overuse,Retail or hospitality,Medium,General practitioner,Workers' compensation,2026-07-05,2026-07-31,Completed,Not working,Not working,No further improvement
E00862,P0688,Other,Other,Manual handling or lifting,Manufacturing,Medium,General practitioner,Medicare-supported care,2026-08-02,2026-08-22,Completed,Modified duties,Full duties,Goals achieved
E00863,P0688,Other,Other,Gradual or non-specific onset,Office or administration,Sedentary,Specialist,Private health insurance,2026-08-31,2026-09-17,Discontinued,Not working,Reduced hours,No further improvement
E00864,P0689,Shoulder condition,Shoulder,Gradual or non-specific onset,Transport,Medium,Specialist,Self-funded,2026-07-30,2026-08-28,Completed,Full duties,Full duties,Goals achieved
E00865,P0689,Knee condition,Knee,Gradual or non-specific onset,Construction,Heavy,Employer,Workers' compensation,2026-08-29,2026-09-28,Completed,Not working,Not working,Goals achieved
E00866,P0690,Wrist or hand condition,Wrist or hand,Gradual or non-specific onset,Construction,Medium,General practitioner,Workers' compensation,2024-06-12,,Active,Not working,,
E00867,P0691,Elbow condition,Elbow,Repetitive movement or overuse,Office or administration,Light,General practitioner,Medicare-supported care,2025-01-26,,Active,Reduced hours,,
E00868,P0692,Low back pain,Lumbar spine,Manual handling or lifting,Healthcare,Medium,Specialist,Private health insurance,2025-09-02,2025-11-16,Completed,Full duties,Full duties,Goals achieved
E00869,P0692,Shoulder condition,Shoulder,Manual handling or lifting,Healthcare,Medium,Specialist,Workers' compensation,2026-03-17,2026-05-05,Completed,Full duties,Full duties,Referred to another provider
E00870,P0693,Hip condition,Hip,Sports or exercise,Retail or hospitality,Light,Insurer or case manager,Compulsory third-party insurance,2024-07-09,2024-10-13,Completed,Full duties,Not working,Goals achieved
E00871,P0694,Neck pain,Cervical spine,Gradual or non-specific onset,Construction,Heavy,General practitioner,Self-funded,2024-11-13,2025-03-05,Completed,Reduced hours,Modified duties,Goals achieved
E00872,P0695,Shoulder condition,Shoulder,Manual handling or lifting,Construction,Heavy,Self-referral,Self-funded,2025-01-20,2025-02-18,Completed,Not working,Modified duties,Goals achieved
E00873,P0695,Other,Other,"Slip, trip or fall",Retail or hospitality,Light,Other allied-health provider,Other,2025-11-24,2026-01-30,Completed,Full duties,Full duties,No further improvement
E00874,P0696,Other,Other,Motor vehicle accident,Office or administration,Sedentary,General practitioner,Private health insurance,2025-09-16,2025-10-18,Completed,Full duties,Modified duties,Goals achieved
E00875,P0697,Elbow condition,Elbow,Manual handling or lifting,Transport,Medium,General practitioner,Workers' compensation,2024-10-27,2024-12-30,Completed,Full duties,Full duties,Patient discontinued
E00876,P0698,Hip condition,Hip,Gradual or non-specific onset,Not currently employed,,General practitioner,Medicare-supported care,2025-02-05,2025-05-09,Completed,Not applicable,Not applicable,Goals achieved
E00877,P0699,Low back pain,Lumbar spine,"Slip, trip or fall",Healthcare,Medium,Self-referral,Private health insurance,2024-10-09,2025-01-10,Completed,Modified duties,Full duties,Goals achieved
E00878,P0700,Neck pain,Cervical spine,Motor vehicle accident,Trades,Very heavy,Other allied-health provider,Compulsory third-party insurance,2026-01-09,,Active,Modified duties,,
E00879,P0701,Shoulder condition,Shoulder,Manual handling or lifting,Office or administration,Sedentary,Insurer or case manager,Self-funded,2024-05-29,2024-06-29,Discontinued,Full duties,Full duties,Lost to follow-up
E00880,P0702,Knee condition,Knee,Gradual or non-specific onset,Office or administration,Sedentary,General practitioner,Medicare-supported care,2024-08-12,2025-05-04,Completed,Not working,Modified duties,Goals achieved
E00881,P0703,Shoulder condition,Shoulder,Gradual or non-specific onset,Transport,Heavy,General practitioner,Compulsory third-party insurance,2024-08-31,2024-12-07,Completed,Full duties,Full duties,Other
E00882,P0704,Knee condition,Knee,Repetitive movement or overuse,Education,Medium,General practitioner,Medicare-supported care,2026-06-01,2026-06-23,Completed,Reduced hours,Full duties,Goals achieved
E00883,P0704,Shoulder condition,Shoulder,Motor vehicle accident,Trades,Heavy,Insurer or case manager,Private health insurance,2026-07-31,,Active,Modified duties,,
E00884,P0705,Ankle or foot condition,Ankle or foot,Sports or exercise,Office or administration,Light,Self-referral,Workers' compensation,2026-07-08,2026-09-28,Completed,Full duties,Full duties,Lost to follow-up
E00885,P0706,Neck pain,Cervical spine,Manual handling or lifting,Education,Light,Other allied-health provider,Compulsory third-party insurance,2025-05-02,2025-06-25,Completed,Reduced hours,Reduced hours,Other
E00886,P0707,Neck pain,Cervical spine,Repetitive movement or overuse,Healthcare,Medium,Employer,Workers' compensation,2024-06-01,2024-07-18,Completed,Reduced hours,Not working,Goals achieved
E00887,P0707,Low back pain,Lumbar spine,"Slip, trip or fall",Construction,Very heavy,General practitioner,Workers' compensation,2025-07-31,,Active,Modified duties,,
E00888,P0708,Low back pain,Lumbar spine,Repetitive movement or overuse,Office or administration,Light,Self-referral,Private health insurance,2026-01-06,2026-02-18,Completed,Not working,Not working,Referred to another provider
E00889,P0708,Wrist or hand condition,Wrist or hand,"Slip, trip or fall",Other,Light,General practitioner,Medicare-supported care,2026-05-19,2026-06-10,Completed,Modified duties,Full duties,No further improvement
E00890,P0709,Shoulder condition,Shoulder,Manual handling or lifting,Office or administration,Sedentary,General practitioner,Private health insurance,2025-04-24,2025-04-30,Completed,Full duties,Full duties,Lost to follow-up
E00891,P0710,Low back pain,Lumbar spine,Manual handling or lifting,Education,Light,Self-referral,Self-funded,2026-04-07,,Active,Not working,,
E00892,P0711,Ankle or foot condition,Ankle or foot,Repetitive movement or overuse,Manufacturing,Medium,Employer,Compulsory third-party insurance,2024-12-16,2025-05-19,Completed,Not working,Reduced hours,Other
E00893,P0711,Knee condition,Knee,Manual handling or lifting,Transport,Heavy,General practitioner,Compulsory third-party insurance,2025-07-21,2025-08-16,Completed,Full duties,Full duties,Goals achieved
E00894,P0711,Low back pain,Lumbar spine,Other,Transport,Medium,General practitioner,Other,2026-02-23,2026-04-16,Completed,Not working,Full duties,Goals achieved
E00895,P0712,Neck pain,Cervical spine,Manual handling or lifting,Trades,Heavy,Self-referral,Self-funded,2026-08-30,2026-09-28,Discontinued,Not working,Not working,Referred to another provider
E00896,P0713,Low back pain,Lumbar spine,Manual handling or lifting,Construction,Heavy,Specialist,Private health insurance,2026-02-25,2026-05-05,Completed,Full duties,Full duties,Goals achieved
E00897,P0713,Knee condition,Knee,Manual handling or lifting,Office or administration,Sedentary,Self-referral,Self-funded,2026-06-13,,Active,Modified duties,,
E00898,P0714,Low back pain,Lumbar spine,Manual handling or lifting,Manufacturing,Medium,Other allied-health provider,Private health insurance,2024-08-06,2024-09-05,Completed,Full duties,Full duties,Goals achieved
E00899,P0714,Low back pain,Lumbar spine,Manual handling or lifting,Healthcare,Heavy,Insurer or case manager,Medicare-supported care,2025-09-02,2026-01-31,Completed,Modified duties,Full duties,Goals achieved
E00900,P0715,Low back pain,Lumbar spine,Sports or exercise,Office or administration,Sedentary,Self-referral,Self-funded,2025-12-07,2026-01-26,Completed,Not working,Not working,Goals achieved
E00901,P0715,Knee condition,Knee,Manual handling or lifting,Construction,Heavy,General practitioner,Self-funded,2026-05-04,2026-05-20,Completed,Full duties,Full duties,Patient discontinued
E00902,P0716,Low back pain,Lumbar spine,Manual handling or lifting,Healthcare,Medium,Specialist,Private health insurance,2024-10-06,2025-09-21,Completed,Modified duties,Full duties,Goals achieved
E00903,P0717,Hip condition,Hip,Repetitive movement or overuse,Office or administration,Sedentary,General practitioner,Self-funded,2024-12-06,2025-02-03,Discontinued,Full duties,Full duties,Patient discontinued
E00904,P0718,Low back pain,Lumbar spine,Gradual or non-specific onset,Office or administration,Sedentary,Specialist,Medicare-supported care,2024-08-31,,Active,Modified duties,,
E00905,P0719,Knee condition,Knee,Sports or exercise,Not currently employed,,Employer,Workers' compensation,2025-10-26,,Active,Not applicable,,
E00906,P0720,Shoulder condition,Shoulder,Manual handling or lifting,Healthcare,Medium,Self-referral,Private health insurance,2024-09-13,2024-09-19,Completed,Not working,Not working,Goals achieved
E00907,P0720,Shoulder condition,Shoulder,Manual handling or lifting,Other,Light,Self-referral,Private health insurance,2025-05-19,2025-08-11,Completed,Full duties,Full duties,Patient discontinued
E00908,P0720,Low back pain,Lumbar spine,Sports or exercise,Other,Medium,Self-referral,Self-funded,2026-01-23,,Active,Modified duties,,
E00909,P0721,Hip condition,Hip,Sports or exercise,Office or administration,Light,Other allied-health provider,Private health insurance,2025-09-14,2025-09-19,Discontinued,Full duties,Full duties,Referred to another provider
E00910,P0722,Wrist or hand condition,Wrist or hand,"Slip, trip or fall",Transport,Sedentary,General practitioner,Compulsory third-party insurance,2025-07-21,2025-12-04,Completed,Reduced hours,Reduced hours,Goals achieved
E00911,P0724,Low back pain,Lumbar spine,Manual handling or lifting,Manufacturing,Medium,Other allied-health provider,Workers' compensation,2026-08-25,2026-09-04,Completed,Reduced hours,Reduced hours,Lost to follow-up
E00912,P0724,Low back pain,Lumbar spine,Manual handling or lifting,Transport,Medium,General practitioner,Private health insurance,2026-09-05,2026-09-16,Completed,Reduced hours,Full duties,Goals achieved
E00913,P0724,Elbow condition,Elbow,Sports or exercise,Office or administration,Sedentary,General practitioner,Medicare-supported care,2026-09-17,2026-09-28,Completed,Full duties,Modified duties,No further improvement
E00914,P0725,Shoulder condition,Shoulder,Manual handling or lifting,Construction,Very heavy,Other allied-health provider,Self-funded,2024-01-09,2024-02-01,Completed,Modified duties,Full duties,Goals achieved
E00915,P0727,Low back pain,Lumbar spine,Repetitive movement or overuse,Office or administration,Sedentary,Self-referral,Private health insurance,2024-04-16,2024-05-21,Completed,Reduced hours,Full duties,Referred to another provider
E00916,P0728,Low back pain,Lumbar spine,Repetitive movement or overuse,Manufacturing,Medium,General practitioner,Workers' compensation,2025-05-28,2025-11-02,Completed,Reduced hours,Full duties,Goals achieved
E00917,P0729,Knee condition,Knee,"Slip, trip or fall",Other,Light,Employer,Private health insurance,2024-11-28,,Active,Modified duties,,
E00918,P0730,Ankle or foot condition,Ankle or foot,Gradual or non-specific onset,Transport,Heavy,Employer,Self-funded,2025-09-14,2025-10-01,Completed,Not working,Reduced hours,Goals achieved
E00919,P0731,Knee condition,Knee,Manual handling or lifting,Transport,Sedentary,General practitioner,Medicare-supported care,2025-12-03,2026-01-03,Completed,Full duties,Full duties,Goals achieved
E00920,P0732,Multiple regions,Multiple regions,Gradual or non-specific onset,Other,Medium,Self-referral,Compulsory third-party insurance,2026-04-17,2026-05-28,Completed,Full duties,Full duties,Patient discontinued
E00921,P0733,Shoulder condition,Shoulder,Manual handling or lifting,Transport,Sedentary,Employer,Self-funded,2025-01-26,2025-05-07,Completed,Not working,Not working,Referred to another provider
E00922,P0734,Neck pain,Cervical spine,Repetitive movement or overuse,Office or administration,Sedentary,General practitioner,Workers' compensation,2026-06-27,2026-08-26,Completed,Full duties,Full duties,Lost to follow-up
E00923,P0735,Shoulder condition,Shoulder,Manual handling or lifting,Trades,Very heavy,Self-referral,Private health insurance,2024-11-10,2025-01-14,Completed,Not working,Not working,Lost to follow-up
E00924,P0736,Neck pain,Cervical spine,Manual handling or lifting,Healthcare,Light,Self-referral,Workers' compensation,2024-07-17,2024-08-25,Completed,Reduced hours,Not working,Patient discontinued
E00925,P0737,Low back pain,Lumbar spine,Motor vehicle accident,Office or administration,Sedentary,General practitioner,Self-funded,2025-01-04,2025-03-13,Discontinued,Not working,Full duties,Goals achieved
E00926,P0738,Low back pain,Lumbar spine,"Slip, trip or fall",Retail or hospitality,Medium,Insurer or case manager,Workers' compensation,2025-05-29,2025-06-22,Completed,Modified duties,Modified duties,Goals achieved
E00927,P0739,Neck pain,Cervical spine,Repetitive movement or overuse,Not currently employed,,Self-referral,Private health insurance,2025-10-12,2025-11-30,Completed,Not applicable,Not applicable,Goals achieved
E00928,P0740,Ankle or foot condition,Ankle or foot,Direct impact,Construction,Very heavy,Other allied-health provider,Compulsory third-party insurance,2026-03-22,2026-04-15,Completed,Not working,Not working,Goals achieved
E00929,P0742,Low back pain,Lumbar spine,Manual handling or lifting,Retail or hospitality,Light,General practitioner,Medicare-supported care,2024-10-22,2024-10-31,Completed,Reduced hours,Reduced hours,Goals achieved
E00930,P0743,Shoulder condition,Shoulder,Sports or exercise,Office or administration,Sedentary,Self-referral,Self-funded,2026-07-03,2026-08-06,Completed,Modified duties,Full duties,Goals achieved
E00931,P0743,Knee condition,Knee,Gradual or non-specific onset,Office or administration,Light,Self-referral,Workers' compensation,2026-08-16,2026-09-14,Completed,Full duties,Full duties,Goals achieved
E00932,P0745,Knee condition,Knee,Gradual or non-specific onset,Office or administration,Sedentary,Self-referral,Private health insurance,2024-08-23,,Active,Full duties,,
E00933,P0746,Ankle or foot condition,Ankle or foot,Manual handling or lifting,Transport,Heavy,Insurer or case manager,Workers' compensation,2026-08-17,2026-08-21,Completed,Full duties,Full duties,Goals achieved
E00934,P0747,Hip condition,Hip,Gradual or non-specific onset,Trades,Heavy,Self-referral,Private health insurance,2025-03-13,2025-07-07,Completed,Not working,Modified duties,Goals achieved
E00935,P0748,Ankle or foot condition,Ankle or foot,Repetitive movement or overuse,Office or administration,Sedentary,Specialist,Private health insurance,2026-08-17,2026-09-02,Discontinued,Full duties,Full duties,Goals achieved
E00936,P0749,Low back pain,Lumbar spine,Gradual or non-specific onset,Construction,Heavy,Self-referral,Workers' compensation,2026-06-14,2026-08-05,Completed,Not working,Reduced hours,Goals achieved
E00937,P0749,Shoulder condition,Shoulder,Repetitive movement or overuse,Construction,Heavy,General practitioner,Self-funded,2026-08-06,2026-08-24,Completed,Modified duties,Full duties,Goals achieved
E00938,P0750,Knee condition,Knee,Gradual or non-specific onset,Office or administration,Sedentary,General practitioner,Self-funded,2026-06-01,2026-06-10,Completed,Full duties,Full duties,Goals achieved
E00939,P0750,Low back pain,Lumbar spine,Gradual or non-specific onset,Manufacturing,Heavy,Specialist,Self-funded,2026-07-31,2026-09-23,Completed,Not working,Full duties,No further improvement
E00940,P0751,Low back pain,Lumbar spine,Direct impact,Transport,Heavy,Self-referral,Private health insurance,2025-07-20,2025-10-02,Discontinued,Full duties,Modified duties,Patient discontinued
E00941,P0752,Low back pain,Lumbar spine,Repetitive movement or overuse,Manufacturing,Heavy,Self-referral,Private health insurance,2026-02-16,2026-07-16,Completed,Modified duties,Modified duties,Goals achieved
E00942,P0753,Shoulder condition,Shoulder,Direct impact,Healthcare,Medium,Self-referral,Workers' compensation,2026-07-24,2026-09-28,Completed,Modified duties,Full duties,No further improvement
E00943,P0754,Shoulder condition,Shoulder,Manual handling or lifting,Manufacturing,Medium,Self-referral,Workers' compensation,2024-09-19,,Active,Full duties,,
E00944,P0755,Low back pain,Lumbar spine,Gradual or non-specific onset,Office or administration,Sedentary,Self-referral,Private health insurance,2024-02-06,2024-03-09,Completed,Full duties,Full duties,Lost to follow-up
E00945,P0756,Hip condition,Hip,Repetitive movement or overuse,Office or administration,Sedentary,Self-referral,Self-funded,2024-11-08,2025-01-16,Completed,Reduced hours,Full duties,Patient discontinued
E00946,P0757,Elbow condition,Elbow,Repetitive movement or overuse,Not currently employed,,Other allied-health provider,Self-funded,2025-09-12,,Active,Not applicable,,
E00947,P0758,Low back pain,Lumbar spine,Gradual or non-specific onset,Education,Medium,General practitioner,Workers' compensation,2025-06-17,2025-10-30,Completed,Full duties,Full duties,No further improvement
E00948,P0758,Elbow condition,Elbow,Motor vehicle accident,Not currently employed,,Self-referral,Compulsory third-party insurance,2026-02-06,2026-03-12,Completed,Not applicable,Not applicable,Patient discontinued
E00949,P0760,Low back pain,Lumbar spine,Sports or exercise,Not currently employed,,General practitioner,Self-funded,2025-06-30,2025-11-10,Completed,Not applicable,Not applicable,Goals achieved
E00950,P0761,Elbow condition,Elbow,Sports or exercise,Manufacturing,Heavy,Employer,Self-funded,2024-06-18,2024-11-22,Completed,Not working,Reduced hours,Goals achieved
E00951,P0762,Multiple regions,Multiple regions,Manual handling or lifting,Not currently employed,,Self-referral,Self-funded,2025-05-07,2025-07-28,Completed,Not applicable,Not applicable,Goals achieved
E00952,P0764,Low back pain,Lumbar spine,Repetitive movement or overuse,Healthcare,Light,Self-referral,Self-funded,2025-09-12,2025-10-08,Completed,Reduced hours,Full duties,Patient discontinued
E00953,P0765,Ankle or foot condition,Ankle or foot,Gradual or non-specific onset,Office or administration,Sedentary,Employer,Private health insurance,2025-02-05,2025-04-02,Completed,Full duties,Reduced hours,Goals achieved
E00954,P0765,Multiple regions,Multiple regions,Direct impact,Office or administration,Sedentary,Self-referral,Private health insurance,2025-12-02,2026-01-11,Completed,Full duties,Full duties,Goals achieved
E00955,P0767,Elbow condition,Elbow,Manual handling or lifting,Office or administration,Light,General practitioner,Medicare-supported care,2025-10-22,2026-01-12,Completed,Full duties,Full duties,No further improvement
E00956,P0769,Multiple regions,Multiple regions,Gradual or non-specific onset,Office or administration,Sedentary,Self-referral,Private health insurance,2026-02-25,2026-05-03,Completed,Not working,Not working,Goals achieved
E00957,P0770,Knee condition,Knee,Gradual or non-specific onset,Healthcare,Medium,General practitioner,Workers' compensation,2024-11-20,2024-12-28,Completed,Modified duties,Full duties,Other
E00958,P0771,Low back pain,Lumbar spine,Repetitive movement or overuse,Transport,Medium,Insurer or case manager,Workers' compensation,2025-02-17,,Active,Full duties,,
E00959,P0772,Hip condition,Hip,Other,Education,Light,Specialist,Self-funded,2024-11-18,2025-03-25,Completed,Modified duties,Full duties,Patient discontinued
E00960,P0773,Knee condition,Knee,Motor vehicle accident,Manufacturing,Medium,Insurer or case manager,Compulsory third-party insurance,2025-05-28,2025-07-01,Completed,Modified duties,Full duties,Patient discontinued
E00961,P0774,Knee condition,Knee,Sports or exercise,Office or administration,Light,Insurer or case manager,Workers' compensation,2024-05-03,2024-09-21,Completed,Reduced hours,Modified duties,Patient discontinued
E00962,P0774,Shoulder condition,Shoulder,Other,Transport,Heavy,Employer,Private health insurance,2025-07-16,2025-09-08,Completed,Full duties,Full duties,Goals achieved
E00963,P0776,Knee condition,Knee,Sports or exercise,Healthcare,Medium,Self-referral,Workers' compensation,2024-07-02,2024-07-25,Completed,Full duties,Full duties,Goals achieved
E00964,P0776,Low back pain,Lumbar spine,Manual handling or lifting,Office or administration,Sedentary,General practitioner,Self-funded,2025-08-15,,Active,Full duties,,
E00965,P0777,Ankle or foot condition,Ankle or foot,Repetitive movement or overuse,Construction,Medium,Self-referral,Self-funded,2025-06-02,2025-08-09,Completed,Reduced hours,Modified duties,Patient discontinued
E00966,P0778,Low back pain,Lumbar spine,Gradual or non-specific onset,Healthcare,Medium,Other allied-health provider,Workers' compensation,2026-04-08,2026-04-15,Completed,Reduced hours,Reduced hours,Patient discontinued
E00967,P0779,Ankle or foot condition,Ankle or foot,Manual handling or lifting,Construction,Heavy,Other allied-health provider,Workers' compensation,2026-08-17,2026-08-22,Discontinued,Full duties,Full duties,Referred to another provider
E00968,P0779,Hip condition,Hip,Manual handling or lifting,Education,Medium,Specialist,Self-funded,2026-09-07,,Active,Full duties,,
E00969,P0780,Shoulder condition,Shoulder,Gradual or non-specific onset,Education,Light,General practitioner,Other,2025-03-10,2025-05-25,Completed,Reduced hours,Reduced hours,Goals achieved
E00970,P0780,Shoulder condition,Shoulder,Direct impact,Transport,Medium,General practitioner,Workers' compensation,2025-12-19,,Active,Full duties,,
E00971,P0781,Neck pain,Cervical spine,Other,Office or administration,Sedentary,Insurer or case manager,Workers' compensation,2024-02-24,2024-08-08,Completed,Modified duties,Modified duties,Other
E00972,P0782,Multiple regions,Multiple regions,Manual handling or lifting,Education,Medium,General practitioner,Private health insurance,2024-08-09,2024-08-24,Discontinued,Modified duties,Modified duties,Goals achieved
E00973,P0782,Ankle or foot condition,Ankle or foot,Sports or exercise,Transport,Medium,Self-referral,Private health insurance,2025-09-03,,Active,Full duties,,
E00974,P0783,Neck pain,Cervical spine,Manual handling or lifting,Construction,Heavy,Self-referral,Self-funded,2024-04-12,2024-06-29,Completed,Modified duties,Modified duties,Goals achieved
E00975,P0784,Low back pain,Lumbar spine,Gradual or non-specific onset,Manufacturing,Medium,General practitioner,Workers' compensation,2026-01-09,2026-02-18,Completed,Full duties,Full duties,Goals achieved
E00976,P0785,Low back pain,Lumbar spine,Manual handling or lifting,Retail or hospitality,Medium,Self-referral,Self-funded,2026-08-17,2026-08-30,Completed,Modified duties,Full duties,Referred to another provider
E00977,P0785,Shoulder condition,Shoulder,Gradual or non-specific onset,Retail or hospitality,Medium,Other allied-health provider,Workers' compensation,2026-08-31,2026-09-13,Completed,Full duties,Full duties,Goals achieved
E00978,P0785,Multiple regions,Multiple regions,Manual handling or lifting,Office or administration,Sedentary,Specialist,Private health insurance,2026-09-14,2026-09-28,Completed,Modified duties,Full duties,Patient discontinued
E00979,P0786,Ankle or foot condition,Ankle or foot,Gradual or non-specific onset,Retail or hospitality,Medium,Specialist,Workers' compensation,2025-06-23,,Active,Modified duties,,
E00980,P0787,Low back pain,Lumbar spine,Gradual or non-specific onset,Office or administration,Sedentary,General practitioner,Medicare-supported care,2024-06-21,2024-08-04,Completed,Full duties,Full duties,Goals achieved
E00981,P0787,Wrist or hand condition,Wrist or hand,Gradual or non-specific onset,Office or administration,Sedentary,Insurer or case manager,Workers' compensation,2025-08-10,,Active,Reduced hours,,
E00982,P0788,Neck pain,Cervical spine,Motor vehicle accident,Office or administration,Sedentary,Self-referral,Compulsory third-party insurance,2024-01-21,2024-05-11,Completed,Not working,Full duties,Goals achieved
E00983,P0789,Wrist or hand condition,Wrist or hand,Gradual or non-specific onset,Not currently employed,,Self-referral,Compulsory third-party insurance,2026-08-08,2026-08-25,Completed,Not applicable,Not applicable,Goals achieved
E00984,P0789,Low back pain,Lumbar spine,Manual handling or lifting,Construction,Medium,Self-referral,Private health insurance,2026-09-03,2026-09-28,Completed,Not working,Full duties,Lost to follow-up
E00985,P0790,Knee condition,Knee,Manual handling or lifting,Healthcare,Medium,General practitioner,Workers' compensation,2024-11-04,2024-12-25,Completed,Full duties,Full duties,Goals achieved
E00986,P0791,Elbow condition,Elbow,Manual handling or lifting,Healthcare,Heavy,General practitioner,Department of Veterans' Affairs,2024-04-19,,Active,Full duties,,
E00987,P0792,Low back pain,Lumbar spine,Manual handling or lifting,Trades,Heavy,Insurer or case manager,Workers' compensation,2024-06-21,2024-09-08,Completed,Full duties,Full duties,Goals achieved
E00988,P0793,Knee condition,Knee,Gradual or non-specific onset,Manufacturing,Medium,Self-referral,Private health insurance,2024-09-05,2024-11-02,Completed,Not working,Full duties,Goals achieved
E00989,P0794,Other,Other,Sports or exercise,Not currently employed,,General practitioner,Other,2025-09-30,2025-11-07,Discontinued,Not applicable,Not applicable,Goals achieved
E00990,P0796,Low back pain,Lumbar spine,Manual handling or lifting,Construction,Heavy,Self-referral,Private health insurance,2024-09-24,,Active,Modified duties,,
E00991,P0798,Low back pain,Lumbar spine,Repetitive movement or overuse,Office or administration,Sedentary,Other,Self-funded,2024-03-04,,Active,Full duties,,
E00992,P0799,Knee condition,Knee,Repetitive movement or overuse,Manufacturing,Medium,Self-referral,Private health insurance,2024-01-10,2024-02-10,Completed,Reduced hours,Full duties,Goals achieved
E00993,P0800,Neck pain,Cervical spine,Manual handling or lifting,Healthcare,Medium,Self-referral,Self-funded,2024-02-23,,Active,Full duties,,
E00994,P0801,Low back pain,Lumbar spine,Manual handling or lifting,Education,Light,General practitioner,Self-funded,2026-06-18,2026-08-07,Completed,Modified duties,Modified duties,Goals achieved
E00995,P0802,Shoulder condition,Shoulder,Gradual or non-specific onset,Trades,Medium,Other allied-health provider,Self-funded,2025-07-20,2025-08-18,Completed,Modified duties,Full duties,Patient discontinued
E00996,P0803,Ankle or foot condition,Ankle or foot,Repetitive movement or overuse,Retail or hospitality,Medium,Insurer or case manager,Compulsory third-party insurance,2026-02-23,2026-05-31,Discontinued,Reduced hours,Not working,Patient discontinued
E00997,P0803,Neck pain,Cervical spine,Gradual or non-specific onset,Other,Light,Self-referral,Self-funded,2026-06-12,2026-09-18,Completed,Reduced hours,Reduced hours,Lost to follow-up
E00998,P0804,Neck pain,Cervical spine,Manual handling or lifting,Manufacturing,Heavy,Self-referral,Self-funded,2024-01-22,2024-03-01,Completed,Full duties,Full duties,Referred to another provider
E00999,P0805,Hip condition,Hip,Repetitive movement or overuse,Construction,Medium,General practitioner,Medicare-supported care,2024-01-22,2024-02-28,Completed,Reduced hours,Full duties,Patient discontinued
E01000,P0806,Shoulder condition,Shoulder,Gradual or non-specific onset,Retail or hospitality,Medium,Specialist,Medicare-supported care,2026-04-06,2026-06-04,Completed,Modified duties,Full duties,Patient discontinued
E01001,P0807,Hip condition,Hip,Gradual or non-specific onset,Office or administration,Sedentary,Specialist,Private health insurance,2024-04-09,2024-04-11,Completed,Full duties,Full duties,Goals achieved
E01002,P0808,Shoulder condition,Shoulder,Sports or exercise,Education,Medium,Other,Private health insurance,2024-05-31,2024-08-21,Completed,Not working,Reduced hours,Goals achieved
E01003,P0809,Multiple regions,Multiple regions,Manual handling or lifting,Office or administration,Light,Employer,Workers' compensation,2025-05-20,,Active,Not working,,
E01004,P0810,Knee condition,Knee,Sports or exercise,Construction,Heavy,General practitioner,Medicare-supported care,2025-08-13,2025-11-25,Completed,Not working,Not working,Other
E01005,P0810,Low back pain,Lumbar spine,Direct impact,Manufacturing,Heavy,Specialist,Workers' compensation,2025-12-28,2025-12-30,Completed,Reduced hours,Modified duties,Patient discontinued
E01006,P0810,Wrist or hand condition,Wrist or hand,Direct impact,Office or administration,Sedentary,Employer,Private health insurance,2026-05-14,2026-09-28,Completed,Full duties,Full duties,Referred to another provider
E01007,P0813,Shoulder condition,Shoulder,Manual handling or lifting,Office or administration,Sedentary,General practitioner,Workers' compensation,2025-10-19,2025-12-29,Completed,Modified duties,Modified duties,Patient discontinued
E01008,P0813,Low back pain,Lumbar spine,Gradual or non-specific onset,Transport,Sedentary,General practitioner,Workers' compensation,2026-02-11,2026-03-25,Completed,Full duties,Full duties,Goals achieved
E01009,P0813,Low back pain,Lumbar spine,Repetitive movement or overuse,Office or administration,Sedentary,Employer,Workers' compensation,2026-06-06,,Active,Full duties,,
E01010,P0814,Knee condition,Knee,Repetitive movement or overuse,Retail or hospitality,Light,General practitioner,Medicare-supported care,2025-03-07,2025-08-17,Completed,Modified duties,Modified duties,Patient discontinued
E01011,P0815,Low back pain,Lumbar spine,Repetitive movement or overuse,Healthcare,Heavy,Insurer or case manager,Workers' compensation,2025-01-07,2025-05-18,Completed,Full duties,Reduced hours,Goals achieved
E01012,P0816,Neck pain,Cervical spine,Manual handling or lifting,Construction,Heavy,General practitioner,Workers' compensation,2024-03-10,2024-04-10,Completed,Full duties,Full duties,Lost to follow-up
E01013,P0816,Low back pain,Lumbar spine,Gradual or non-specific onset,Construction,Heavy,General practitioner,Workers' compensation,2025-06-19,,Active,Not working,,
E01014,P0817,Shoulder condition,Shoulder,Gradual or non-specific onset,Education,Light,General practitioner,Workers' compensation,2025-03-16,2025-05-27,Completed,Full duties,Full duties,Goals achieved
E01015,P0817,Shoulder condition,Shoulder,Gradual or non-specific onset,Not currently employed,,Self-referral,Self-funded,2025-12-22,2026-05-22,Completed,Not applicable,Not applicable,Goals achieved
E01016,P0818,Shoulder condition,Shoulder,Gradual or non-specific onset,Office or administration,Sedentary,Specialist,Self-funded,2026-02-20,2026-05-07,Discontinued,Modified duties,Not working,Lost to follow-up
E01017,P0819,Low back pain,Lumbar spine,Direct impact,Not currently employed,,Self-referral,Workers' compensation,2025-09-02,,Active,Not applicable,,
E01018,P0820,Low back pain,Lumbar spine,Gradual or non-specific onset,Manufacturing,Medium,Specialist,Workers' compensation,2026-05-19,2026-09-20,Discontinued,Not working,Not working,Patient discontinued
E01019,P0821,Knee condition,Knee,Manual handling or lifting,Manufacturing,Heavy,General practitioner,Self-funded,2024-05-02,2024-06-13,Completed,Reduced hours,Full duties,Referred to another provider
E01020,P0822,Neck pain,Cervical spine,Direct impact,Transport,Medium,Self-referral,Private health insurance,2024-01-11,2024-05-24,Completed,Full duties,Full duties,No further improvement
E01021,P0823,Knee condition,Knee,Manual handling or lifting,Transport,Sedentary,Other,Workers' compensation,2025-06-17,2025-09-27,Completed,Reduced hours,Full duties,Lost to follow-up
E01022,P0824,Low back pain,Lumbar spine,Repetitive movement or overuse,Education,Medium,Insurer or case manager,Workers' compensation,2024-06-22,2024-08-06,Completed,Not working,Modified duties,No further improvement
E01023,P0825,Low back pain,Lumbar spine,Sports or exercise,Retail or hospitality,Medium,General practitioner,Self-funded,2025-08-01,2025-08-22,Completed,Not working,Reduced hours,Goals achieved
E01024,P0825,Low back pain,Lumbar spine,Manual handling or lifting,Retail or hospitality,Light,Self-referral,Self-funded,2026-03-01,2026-04-09,Completed,Full duties,Full duties,Goals achieved
E01025,P0827,Shoulder condition,Shoulder,Manual handling or lifting,Healthcare,Medium,General practitioner,Private health insurance,2024-11-24,2025-10-20,Discontinued,Full duties,Full duties,Lost to follow-up
E01026,P0828,Neck pain,Cervical spine,"Slip, trip or fall",Office or administration,Sedentary,General practitioner,Department of Veterans' Affairs,2025-06-19,2025-07-07,Completed,Reduced hours,Not working,Referred to another provider
E01027,P0829,Hip condition,Hip,Sports or exercise,Transport,Sedentary,General practitioner,Medicare-supported care,2025-10-25,2025-12-01,Discontinued,Full duties,Full duties,Goals achieved
E01028,P0829,Neck pain,Cervical spine,"Slip, trip or fall",Office or administration,Sedentary,General practitioner,Workers' compensation,2026-04-12,2026-08-29,Discontinued,Not working,Not working,Referred to another provider
E01029,P0830,Shoulder condition,Shoulder,Other,Construction,Heavy,General practitioner,Self-funded,2024-05-26,2024-07-17,Completed,Reduced hours,Modified duties,Goals achieved
E01030,P0831,Knee condition,Knee,Manual handling or lifting,Office or administration,Light,Insurer or case manager,Workers' compensation,2026-05-24,2026-06-25,Completed,Not working,Full duties,Goals achieved
E01031,P0832,Low back pain,Lumbar spine,Sports or exercise,Construction,Heavy,General practitioner,Self-funded,2024-07-16,2024-09-08,Completed,Not working,Not working,Patient discontinued
E01032,P0833,Shoulder condition,Shoulder,Manual handling or lifting,Manufacturing,Heavy,Employer,Other,2026-02-26,,Active,Modified duties,,
E01033,P0834,Neck pain,Cervical spine,Repetitive movement or overuse,Manufacturing,Heavy,Other allied-health provider,Private health insurance,2025-10-04,,Active,Not working,,
E01034,P0835,Shoulder condition,Shoulder,Sports or exercise,Healthcare,Heavy,Self-referral,Private health insurance,2024-05-17,2024-05-29,Completed,Reduced hours,Modified duties,No further improvement
E01035,P0836,Low back pain,Lumbar spine,Sports or exercise,Office or administration,Sedentary,Self-referral,Self-funded,2025-12-06,2026-09-07,Discontinued,Full duties,Full duties,Patient discontinued
E01036,P0837,Hip condition,Hip,Motor vehicle accident,Retail or hospitality,Medium,Specialist,Private health insurance,2024-07-10,2024-09-15,Discontinued,Not working,Not working,Lost to follow-up
E01037,P0837,Multiple regions,Multiple regions,Manual handling or lifting,Healthcare,Medium,General practitioner,Workers' compensation,2025-08-19,,Active,Reduced hours,,
E01038,P0838,Low back pain,Lumbar spine,Repetitive movement or overuse,Transport,Heavy,Self-referral,Workers' compensation,2025-08-06,2025-09-12,Completed,Not working,Not working,Goals achieved
E01039,P0838,Knee condition,Knee,Manual handling or lifting,Manufacturing,Medium,Self-referral,Private health insurance,2025-12-23,2026-04-29,Completed,Full duties,Modified duties,Goals achieved
E01040,P0838,Ankle or foot condition,Ankle or foot,Repetitive movement or overuse,Retail or hospitality,Medium,Employer,Self-funded,2026-05-12,,Active,Full duties,,
E01041,P0839,Neck pain,Cervical spine,"Slip, trip or fall",Retail or hospitality,Medium,Insurer or case manager,Workers' compensation,2026-07-23,2026-09-21,Completed,Not working,Full duties,Goals achieved
E01042,P0840,Hip condition,Hip,"Slip, trip or fall",Other,Light,Specialist,Medicare-supported care,2026-07-17,2026-09-14,Completed,Full duties,Full duties,Referred to another provider
E01043,P0842,Knee condition,Knee,Manual handling or lifting,Education,Medium,Self-referral,Self-funded,2025-04-26,2025-07-08,Completed,Reduced hours,Modified duties,Goals achieved
E01044,P0842,Elbow condition,Elbow,Repetitive movement or overuse,Retail or hospitality,Light,Self-referral,Private health insurance,2026-01-11,2026-03-21,Completed,Modified duties,Reduced hours,Lost to follow-up
E01045,P0843,Other,Other,Manual handling or lifting,Retail or hospitality,Light,Insurer or case manager,Workers' compensation,2025-06-28,2025-11-17,Completed,Full duties,Full duties,Goals achieved
E01046,P0844,Low back pain,Lumbar spine,Gradual or non-specific onset,Office or administration,Sedentary,Insurer or case manager,Self-funded,2024-10-19,2025-03-15,Completed,Full duties,Full duties,No further improvement
E01047,P0845,Shoulder condition,Shoulder,Gradual or non-specific onset,Not currently employed,,General practitioner,Medicare-supported care,2026-06-16,,Active,Not applicable,,
E01048,P0846,Shoulder condition,Shoulder,Motor vehicle accident,Healthcare,Medium,Other,Workers' compensation,2025-04-09,2025-12-06,Completed,Not working,Not working,Lost to follow-up
E01049,P0846,Low back pain,Lumbar spine,Manual handling or lifting,Construction,Medium,Insurer or case manager,Private health insurance,2026-01-03,2026-01-15,Completed,Full duties,Full duties,No further improvement
E01050,P0847,Neck pain,Cervical spine,Other,Other,Light,Specialist,Workers' compensation,2026-01-21,2026-05-11,Discontinued,Reduced hours,Modified duties,Goals achieved
E01051,P0848,Other,Other,Gradual or non-specific onset,Transport,Sedentary,General practitioner,Self-funded,2024-12-16,2025-02-11,Completed,Reduced hours,Modified duties,Goals achieved
E01052,P0849,Low back pain,Lumbar spine,Sports or exercise,Office or administration,Light,General practitioner,Private health insurance,2025-12-22,2026-01-16,Completed,Reduced hours,Full duties,Goals achieved
E01053,P0850,Shoulder condition,Shoulder,Repetitive movement or overuse,Office or administration,Light,Insurer or case manager,Workers' compensation,2024-08-06,2024-09-05,Completed,Modified duties,Modified duties,Patient discontinued
E01054,P0850,Hip condition,Hip,Repetitive movement or overuse,Office or administration,Sedentary,General practitioner,Compulsory third-party insurance,2025-04-24,2025-08-23,Discontinued,Full duties,Full duties,Patient discontinued
E01055,P0850,Neck pain,Cervical spine,Repetitive movement or overuse,Manufacturing,Medium,Specialist,Workers' compensation,2026-01-10,,Active,Not working,,
E01056,P0851,Shoulder condition,Shoulder,Repetitive movement or overuse,Office or administration,Sedentary,Self-referral,Self-funded,2025-12-15,,Active,Full duties,,
E01057,P0852,Multiple regions,Multiple regions,Motor vehicle accident,Not currently employed,,Insurer or case manager,Compulsory third-party insurance,2024-02-14,,Active,Not applicable,,
E01058,P0853,Shoulder condition,Shoulder,Repetitive movement or overuse,Not currently employed,,Employer,Private health insurance,2024-04-12,2024-06-26,Completed,Not applicable,Not applicable,Goals achieved
E01059,P0853,Low back pain,Lumbar spine,Gradual or non-specific onset,Retail or hospitality,Medium,Specialist,Self-funded,2025-07-06,2025-08-02,Completed,Full duties,Full duties,Goals achieved
E01060,P0854,Low back pain,Lumbar spine,Manual handling or lifting,Manufacturing,Heavy,Self-referral,Workers' compensation,2024-12-09,2025-01-31,Completed,Not working,Not working,Goals achieved
E01061,P0854,Multiple regions,Multiple regions,Repetitive movement or overuse,Construction,Heavy,General practitioner,Private health insurance,2025-11-03,2025-12-20,Completed,Full duties,Full duties,Goals achieved
E01062,P0855,Low back pain,Lumbar spine,Repetitive movement or overuse,Office or administration,Sedentary,Self-referral,Self-funded,2025-04-14,2025-04-19,Completed,Full duties,Full duties,Goals achieved
E01063,P0856,Shoulder condition,Shoulder,Manual handling or lifting,Transport,Heavy,General practitioner,Compulsory third-party insurance,2025-11-23,2026-01-25,Completed,Not working,Not working,Lost to follow-up
E01064,P0857,Low back pain,Lumbar spine,Repetitive movement or overuse,Office or administration,Light,Self-referral,Private health insurance,2024-12-15,,Active,Full duties,,
E01065,P0858,Shoulder condition,Shoulder,Manual handling or lifting,Office or administration,Sedentary,Other,Workers' compensation,2024-01-18,2024-02-10,Completed,Full duties,Full duties,Goals achieved
E01066,P0858,Elbow condition,Elbow,Sports or exercise,Healthcare,Heavy,Specialist,Workers' compensation,2025-05-24,2025-08-08,Discontinued,Modified duties,Reduced hours,Goals achieved
E01067,P0859,Shoulder condition,Shoulder,Sports or exercise,Office or administration,Sedentary,Self-referral,Self-funded,2024-11-12,2025-03-27,Completed,Not working,Reduced hours,No further improvement
E01068,P0860,Multiple regions,Multiple regions,Sports or exercise,Retail or hospitality,Light,Self-referral,Private health insurance,2025-03-03,2025-08-18,Completed,Not working,Full duties,Goals achieved
E01069,P0861,Low back pain,Lumbar spine,Sports or exercise,Transport,Medium,Employer,Private health insurance,2025-06-13,2025-08-30,Completed,Not working,Not working,Goals achieved
E01070,P0862,Shoulder condition,Shoulder,Motor vehicle accident,Education,Light,Self-referral,Private health insurance,2025-09-19,2025-10-31,Completed,Not working,Modified duties,Goals achieved
E01071,P0863,Wrist or hand condition,Wrist or hand,Repetitive movement or overuse,Manufacturing,Medium,Specialist,Workers' compensation,2024-08-29,2025-01-06,Completed,Full duties,Full duties,Patient discontinued
E01072,P0863,Shoulder condition,Shoulder,Direct impact,Trades,Very heavy,General practitioner,Department of Veterans' Affairs,2025-09-13,2025-10-26,Completed,Reduced hours,Full duties,Goals achieved
E01073,P0864,Low back pain,Lumbar spine,Gradual or non-specific onset,Healthcare,Heavy,General practitioner,Medicare-supported care,2025-08-17,2025-10-12,Completed,Full duties,Full duties,Lost to follow-up
E01074,P0865,Wrist or hand condition,Wrist or hand,Repetitive movement or overuse,Trades,Medium,General practitioner,Private health insurance,2025-09-07,2025-11-15,Completed,Not working,Not working,Lost to follow-up
E01075,P0866,Neck pain,Cervical spine,Sports or exercise,Retail or hospitality,Medium,Self-referral,Private health insurance,2026-01-26,2026-04-25,Completed,Not working,Modified duties,No further improvement
E01076,P0866,Shoulder condition,Shoulder,Manual handling or lifting,Construction,Very heavy,Specialist,Private health insurance,2026-05-29,2026-08-20,Completed,Full duties,Full duties,Goals achieved
E01077,P0867,Multiple regions,Multiple regions,Gradual or non-specific onset,Not currently employed,,General practitioner,Other,2025-05-23,2025-11-11,Completed,Not applicable,Not applicable,Referred to another provider
E01078,P0867,Low back pain,Lumbar spine,Manual handling or lifting,Construction,Heavy,Self-referral,Private health insurance,2026-01-25,2026-02-16,Completed,Not working,Full duties,Patient discontinued
E01079,P0868,Neck pain,Cervical spine,Manual handling or lifting,Office or administration,Light,General practitioner,Private health insurance,2026-02-28,2026-05-17,Completed,Reduced hours,Modified duties,Goals achieved
E01080,P0868,Low back pain,Lumbar spine,Motor vehicle accident,Construction,Heavy,General practitioner,Medicare-supported care,2026-06-14,2026-08-31,Discontinued,Full duties,Full duties,No further improvement
E01081,P0869,Neck pain,Cervical spine,Manual handling or lifting,Healthcare,Light,General practitioner,Workers' compensation,2024-08-03,2024-09-27,Completed,Reduced hours,Full duties,Goals achieved
E01082,P0870,Low back pain,Lumbar spine,Gradual or non-specific onset,Healthcare,Medium,General practitioner,Private health insurance,2025-11-24,2026-05-04,Completed,Not working,Modified duties,Referred to another provider
E01083,P0871,Knee condition,Knee,Repetitive movement or overuse,Retail or hospitality,Medium,Other,Workers' compensation,2024-02-14,,Active,Full duties,,
E01084,P0873,Low back pain,Lumbar spine,Manual handling or lifting,Trades,Very heavy,Other,Private health insurance,2026-04-22,2026-06-13,Completed,Full duties,Full duties,Goals achieved
E01085,P0873,Knee condition,Knee,Gradual or non-specific onset,Construction,Medium,Specialist,Private health insurance,2026-06-14,2026-08-05,Completed,Not working,Reduced hours,Referred to another provider
E01086,P0873,Low back pain,Lumbar spine,Repetitive movement or overuse,Retail or hospitality,Light,Self-referral,Private health insurance,2026-08-06,2026-09-15,Completed,Modified duties,Full duties,Referred to another provider
E01087,P0874,Neck pain,Cervical spine,Manual handling or lifting,Healthcare,Heavy,Specialist,Self-funded,2025-04-07,2025-08-16,Completed,Modified duties,Full duties,No further improvement
E01088,P0875,Neck pain,Cervical spine,Gradual or non-specific onset,Education,Light,Insurer or case manager,Other,2025-08-27,2025-10-31,Completed,Reduced hours,Modified duties,Goals achieved
E01089,P0876,Ankle or foot condition,Ankle or foot,Repetitive movement or overuse,Office or administration,Sedentary,Specialist,Workers' compensation,2025-08-10,2025-10-15,Completed,Reduced hours,Modified duties,No further improvement
E01090,P0876,Shoulder condition,Shoulder,Repetitive movement or overuse,Office or administration,Light,General practitioner,Workers' compensation,2026-03-05,2026-03-07,Completed,Full duties,Full duties,No further improvement
E01091,P0877,Neck pain,Cervical spine,"Slip, trip or fall",Retail or hospitality,Medium,Specialist,Self-funded,2025-11-07,2025-12-05,Completed,Full duties,Full duties,Lost to follow-up
E01092,P0878,Wrist or hand condition,Wrist or hand,Manual handling or lifting,Transport,Heavy,Other,Workers' compensation,2024-08-27,2024-09-16,Completed,Not working,Full duties,Referred to another provider
E01093,P0879,Knee condition,Knee,Gradual or non-specific onset,Education,Medium,General practitioner,Department of Veterans' Affairs,2024-06-22,,Active,Modified duties,,
E01094,P0880,Low back pain,Lumbar spine,Direct impact,Manufacturing,Medium,Self-referral,Self-funded,2024-02-11,2024-06-11,Completed,Reduced hours,Modified duties,Referred to another provider
E01095,P0881,Elbow condition,Elbow,Repetitive movement or overuse,Education,Medium,Self-referral,Other,2026-04-22,,Active,Not working,,
E01096,P0882,Neck pain,Cervical spine,Gradual or non-specific onset,Healthcare,Medium,Self-referral,Workers' compensation,2024-08-05,2024-12-12,Discontinued,Full duties,Full duties,Goals achieved
E01097,P0883,Low back pain,Lumbar spine,"Slip, trip or fall",Office or administration,Sedentary,Employer,Workers' compensation,2025-07-14,2025-09-02,Discontinued,Not working,Not working,Goals achieved
E01098,P0883,Shoulder condition,Shoulder,Gradual or non-specific onset,Office or administration,Light,Self-referral,Private health insurance,2026-02-20,2026-06-23,Discontinued,Not working,Not working,Lost to follow-up
E01099,P0884,Low back pain,Lumbar spine,Sports or exercise,Office or administration,Sedentary,Other allied-health provider,Workers' compensation,2025-03-19,2025-08-12,Completed,Not working,Modified duties,Other
E01100,P0885,Low back pain,Lumbar spine,Repetitive movement or overuse,Healthcare,Heavy,Employer,Self-funded,2024-06-07,2024-06-28,Completed,Full duties,Full duties,Goals achieved
E01101,P0886,Ankle or foot condition,Ankle or foot,Direct impact,Retail or hospitality,Light,General practitioner,Department of Veterans' Affairs,2025-02-07,2025-03-16,Completed,Full duties,Full duties,Goals achieved
E01102,P0887,Low back pain,Lumbar spine,Direct impact,Healthcare,Heavy,Insurer or case manager,Compulsory third-party insurance,2024-03-22,2024-06-24,Completed,Reduced hours,Full duties,Referred to another provider
E01103,P0888,Hip condition,Hip,Manual handling or lifting,Manufacturing,Heavy,Specialist,Self-funded,2024-06-21,2024-08-30,Completed,Not working,Not working,Goals achieved
E01104,P0889,Elbow condition,Elbow,"Slip, trip or fall",Retail or hospitality,Medium,Self-referral,Compulsory third-party insurance,2024-05-16,,Active,Not working,,
E01105,P0890,Knee condition,Knee,Manual handling or lifting,Transport,Heavy,General practitioner,Medicare-supported care,2026-03-13,2026-05-20,Discontinued,Modified duties,Modified duties,Goals achieved
E01106,P0891,Ankle or foot condition,Ankle or foot,Repetitive movement or overuse,Transport,Sedentary,Insurer or case manager,Workers' compensation,2025-07-06,2025-12-19,Completed,Modified duties,Reduced hours,Goals achieved
E01107,P0892,Ankle or foot condition,Ankle or foot,Manual handling or lifting,Healthcare,Heavy,Self-referral,Private health insurance,2026-06-20,2026-07-12,Discontinued,Full duties,Full duties,Goals achieved
E01108,P0892,Other,Other,Gradual or non-specific onset,Healthcare,Medium,General practitioner,Private health insurance,2026-07-23,2026-08-25,Completed,Reduced hours,Reduced hours,Lost to follow-up
E01109,P0892,Neck pain,Cervical spine,Gradual or non-specific onset,Manufacturing,Heavy,Self-referral,Private health insurance,2026-08-26,2026-09-28,Completed,Not working,Not working,Goals achieved
E01110,P0893,Low back pain,Lumbar spine,Gradual or non-specific onset,Manufacturing,Heavy,General practitioner,Private health insurance,2025-02-28,2025-03-12,Completed,Not working,Full duties,No further improvement
E01111,P0894,Shoulder condition,Shoulder,Gradual or non-specific onset,Healthcare,Medium,Specialist,Other,2024-07-15,2024-08-07,Completed,Full duties,Full duties,Patient discontinued
E01112,P0895,Shoulder condition,Shoulder,Manual handling or lifting,Healthcare,Light,General practitioner,Private health insurance,2025-08-15,2025-08-24,Completed,Not working,Not working,Goals achieved
E01113,P0895,Low back pain,Lumbar spine,Motor vehicle accident,Transport,Sedentary,Specialist,Compulsory third-party insurance,2026-03-08,,Active,Full duties,,
E01114,P0896,Knee condition,Knee,Manual handling or lifting,Manufacturing,Heavy,Self-referral,Workers' compensation,2026-06-24,2026-08-08,Completed,Modified duties,Full duties,Lost to follow-up
E01115,P0896,Low back pain,Lumbar spine,"Slip, trip or fall",Office or administration,Light,Insurer or case manager,Workers' compensation,2026-08-11,2026-08-12,Discontinued,Modified duties,Modified duties,Goals achieved
E01116,P0897,Elbow condition,Elbow,"Slip, trip or fall",Retail or hospitality,Medium,Self-referral,Private health insurance,2025-06-02,2025-11-15,Completed,Modified duties,Reduced hours,Patient discontinued
E01117,P0898,Low back pain,Lumbar spine,Sports or exercise,Trades,Medium,Other allied-health provider,Self-funded,2024-01-18,2024-01-26,Completed,Not working,Not working,Patient discontinued
E01118,P0899,Low back pain,Lumbar spine,Manual handling or lifting,Office or administration,Sedentary,Insurer or case manager,Workers' compensation,2024-10-22,2025-02-03,Completed,Reduced hours,Not working,Patient discontinued
E01119,P0900,Low back pain,Lumbar spine,"Slip, trip or fall",Trades,Heavy,General practitioner,Workers' compensation,2026-06-19,2026-09-26,Completed,Full duties,Full duties,No further improvement
E01120,P0901,Low back pain,Lumbar spine,Sports or exercise,Office or administration,Light,Self-referral,Private health insurance,2025-05-19,,Active,Full duties,,
E01121,P0902,Low back pain,Lumbar spine,Sports or exercise,Retail or hospitality,Light,General practitioner,Workers' compensation,2026-07-16,2026-09-26,Discontinued,Modified duties,Not working,Patient discontinued
E01122,P0904,Low back pain,Lumbar spine,Motor vehicle accident,Healthcare,Medium,Employer,Private health insurance,2024-01-12,2024-03-25,Completed,Reduced hours,Reduced hours,Goals achieved
E01123,P0905,Low back pain,Lumbar spine,Repetitive movement or overuse,Office or administration,Sedentary,Employer,Workers' compensation,2026-04-30,2026-06-03,Completed,Modified duties,Modified duties,Patient discontinued
E01124,P0905,Low back pain,Lumbar spine,Repetitive movement or overuse,Not currently employed,,General practitioner,Self-funded,2026-06-19,2026-07-24,Completed,Not applicable,Not applicable,Patient discontinued
E01125,P0905,Neck pain,Cervical spine,Motor vehicle accident,Retail or hospitality,Medium,General practitioner,Self-funded,2026-08-09,2026-08-29,Completed,Full duties,Full duties,Lost to follow-up
E01126,P0906,Neck pain,Cervical spine,Manual handling or lifting,Not currently employed,,General practitioner,Medicare-supported care,2026-01-13,2026-03-12,Completed,Not applicable,Not applicable,No further improvement
E01127,P0907,Neck pain,Cervical spine,"Slip, trip or fall",Construction,Heavy,Employer,Private health insurance,2025-11-27,2026-03-31,Completed,Full duties,Full duties,Goals achieved
E01128,P0908,Neck pain,Cervical spine,Gradual or non-specific onset,Trades,Medium,Insurer or case manager,Compulsory third-party insurance,2026-08-02,2026-09-16,Completed,Not working,Full duties,Lost to follow-up
E01129,P0909,Low back pain,Lumbar spine,Gradual or non-specific onset,Not currently employed,,General practitioner,Compulsory third-party insurance,2024-07-10,,Active,Not applicable,,
E01130,P0910,Low back pain,Lumbar spine,Manual handling or lifting,Manufacturing,Medium,Self-referral,Self-funded,2026-06-01,2026-06-26,Completed,Modified duties,Modified duties,Goals achieved
E01131,P0911,Low back pain,Lumbar spine,Gradual or non-specific onset,Construction,Very heavy,Self-referral,Private health insurance,2024-08-14,2025-08-01,Completed,Modified duties,Full duties,Goals achieved
E01132,P0911,Ankle or foot condition,Ankle or foot,Other,Transport,Medium,Self-referral,Private health insurance,2025-09-06,2025-09-16,Completed,Modified duties,Reduced hours,No further improvement
E01133,P0912,Other,Other,Gradual or non-specific onset,Retail or hospitality,Medium,General practitioner,Compulsory third-party insurance,2026-08-03,2026-08-30,Completed,Full duties,Full duties,Goals achieved
E01134,P0912,Elbow condition,Elbow,Sports or exercise,Not currently employed,,Self-referral,Self-funded,2026-08-31,2026-09-28,Completed,Not applicable,Not applicable,Patient discontinued
E01135,P0913,Shoulder condition,Shoulder,Gradual or non-specific onset,Retail or hospitality,Medium,Insurer or case manager,Private health insurance,2024-07-05,2024-08-24,Completed,Full duties,Full duties,Patient discontinued
E01136,P0913,Shoulder condition,Shoulder,Direct impact,Construction,Heavy,Self-referral,Self-funded,2025-08-17,,Active,Full duties,,
E01137,P0914,Neck pain,Cervical spine,Manual handling or lifting,Office or administration,Sedentary,Specialist,Private health insurance,2025-06-20,2025-09-01,Completed,Reduced hours,Full duties,Goals achieved
E01138,P0914,Ankle or foot condition,Ankle or foot,Gradual or non-specific onset,Transport,Medium,Self-referral,Self-funded,2025-11-22,2026-04-25,Completed,Full duties,Full duties,Goals achieved
E01139,P0914,Ankle or foot condition,Ankle or foot,Gradual or non-specific onset,Other,Light,Self-referral,Self-funded,2026-04-26,2026-07-04,Completed,Full duties,Full duties,Goals achieved
E01140,P0915,Hip condition,Hip,Repetitive movement or overuse,Office or administration,Sedentary,Self-referral,Private health insurance,2026-02-07,2026-02-14,Completed,Not working,Not working,Goals achieved
E01141,P0915,Wrist or hand condition,Wrist or hand,Other,Transport,Heavy,General practitioner,Medicare-supported care,2026-04-26,2026-05-14,Completed,Full duties,Full duties,Goals achieved
E01142,P0915,Shoulder condition,Shoulder,Other,Not currently employed,,General practitioner,Private health insurance,2026-07-13,2026-08-13,Completed,Not applicable,Not applicable,Goals achieved
E01143,P0916,Ankle or foot condition,Ankle or foot,Manual handling or lifting,Office or administration,Light,Other,Workers' compensation,2024-03-17,2024-04-13,Completed,Modified duties,Full duties,Goals achieved
E01144,P0916,Hip condition,Hip,Manual handling or lifting,Office or administration,Sedentary,Insurer or case manager,Workers' compensation,2025-01-19,2025-07-14,Discontinued,Full duties,Full duties,Goals achieved
E01145,P0916,Neck pain,Cervical spine,Gradual or non-specific onset,Transport,Medium,Specialist,Department of Veterans' Affairs,2025-11-24,,Active,Full duties,,
E01146,P0917,Elbow condition,Elbow,Manual handling or lifting,Manufacturing,Medium,General practitioner,Self-funded,2024-03-05,2024-03-18,Completed,Full duties,Full duties,Lost to follow-up
E01147,P0918,Low back pain,Lumbar spine,Repetitive movement or overuse,Office or administration,Sedentary,General practitioner,Compulsory third-party insurance,2026-04-07,,Active,Not working,,
E01148,P0919,Other,Other,Manual handling or lifting,Trades,Heavy,General practitioner,Self-funded,2024-02-28,2024-09-07,Completed,Modified duties,Full duties,Goals achieved
E01149,P0920,Ankle or foot condition,Ankle or foot,Repetitive movement or overuse,Retail or hospitality,Medium,Insurer or case manager,Medicare-supported care,2025-08-20,2025-09-07,Completed,Reduced hours,Reduced hours,Other
E01150,P0921,Low back pain,Lumbar spine,Motor vehicle accident,Trades,Heavy,Employer,Private health insurance,2026-07-02,2026-07-31,Completed,Not working,Not working,No further improvement
E01151,P0922,Knee condition,Knee,Gradual or non-specific onset,Trades,Medium,Specialist,Workers' compensation,2025-08-21,2026-01-18,Discontinued,Full duties,Modified duties,Lost to follow-up
E01152,P0922,Low back pain,Lumbar spine,Gradual or non-specific onset,Education,Medium,Other allied-health provider,Private health insurance,2026-03-11,2026-04-18,Completed,Reduced hours,Full duties,Goals achieved
E01153,P0923,Ankle or foot condition,Ankle or foot,Gradual or non-specific onset,Retail or hospitality,Medium,General practitioner,Other,2025-04-13,2025-07-03,Completed,Full duties,Full duties,Goals achieved
E01154,P0924,Hip condition,Hip,Gradual or non-specific onset,Construction,Heavy,Self-referral,Department of Veterans' Affairs,2025-02-10,2025-05-12,Completed,Modified duties,Reduced hours,Patient discontinued
E01155,P0925,Knee condition,Knee,Gradual or non-specific onset,Retail or hospitality,Medium,General practitioner,Self-funded,2025-09-13,2025-11-15,Completed,Not working,Not working,Goals achieved
E01156,P0926,Wrist or hand condition,Wrist or hand,Repetitive movement or overuse,Office or administration,Sedentary,Self-referral,Self-funded,2025-07-10,2025-09-23,Completed,Full duties,Full duties,Goals achieved
E01157,P0927,Low back pain,Lumbar spine,Gradual or non-specific onset,Transport,Medium,Other allied-health provider,Self-funded,2025-05-03,2025-05-11,Completed,Not working,Not working,Patient discontinued
E01158,P0928,Low back pain,Lumbar spine,Sports or exercise,Office or administration,Light,Insurer or case manager,Private health insurance,2024-05-29,2024-08-04,Completed,Modified duties,Full duties,Referred to another provider
E01159,P0928,Shoulder condition,Shoulder,Motor vehicle accident,Retail or hospitality,Medium,General practitioner,Medicare-supported care,2025-07-29,2025-10-17,Completed,Full duties,Full duties,Goals achieved
E01160,P0929,Low back pain,Lumbar spine,Direct impact,Office or administration,Light,General practitioner,Workers' compensation,2025-10-07,2025-11-30,Completed,Full duties,Not working,Goals achieved
E01161,P0930,Shoulder condition,Shoulder,Repetitive movement or overuse,Construction,Heavy,Employer,Workers' compensation,2025-12-21,,Active,Modified duties,,
E01162,P0931,Low back pain,Lumbar spine,Gradual or non-specific onset,Construction,Very heavy,General practitioner,Private health insurance,2025-11-21,,Active,Modified duties,,
E01163,P0932,Neck pain,Cervical spine,Gradual or non-specific onset,Manufacturing,Heavy,Self-referral,Compulsory third-party insurance,2024-03-14,2024-06-17,Discontinued,Full duties,Not working,Goals achieved
E01164,P0933,Shoulder condition,Shoulder,Gradual or non-specific onset,Education,Light,Self-referral,Private health insurance,2025-11-15,2025-12-06,Completed,Modified duties,Not working,Goals achieved
E01165,P0934,Wrist or hand condition,Wrist or hand,Direct impact,Office or administration,Sedentary,General practitioner,Workers' compensation,2025-12-11,2025-12-21,Completed,Full duties,Full duties,Referred to another provider
E01166,P0934,Low back pain,Lumbar spine,Direct impact,Trades,Heavy,General practitioner,Private health insurance,2026-05-06,2026-07-21,Completed,Not working,Reduced hours,Referred to another provider
E01167,P0935,Wrist or hand condition,Wrist or hand,Manual handling or lifting,Trades,Heavy,General practitioner,Private health insurance,2024-06-27,2024-08-05,Completed,Full duties,Full duties,Lost to follow-up
E01168,P0935,Shoulder condition,Shoulder,Manual handling or lifting,Healthcare,Medium,Other allied-health provider,Private health insurance,2025-08-13,2025-10-05,Completed,Modified duties,Modified duties,Goals achieved
E01169,P0936,Neck pain,Cervical spine,Manual handling or lifting,Transport,Heavy,Self-referral,Self-funded,2026-04-06,2026-05-17,Completed,Not working,Modified duties,Goals achieved
E01170,P0937,Shoulder condition,Shoulder,Manual handling or lifting,Healthcare,Medium,Employer,Workers' compensation,2025-05-25,2025-08-16,Completed,Reduced hours,Modified duties,Patient discontinued
E01171,P0937,Shoulder condition,Shoulder,Other,Office or administration,Sedentary,Self-referral,Self-funded,2026-01-26,,Active,Not working,,
E01172,P0938,Low back pain,Lumbar spine,Gradual or non-specific onset,Retail or hospitality,Medium,Employer,Workers' compensation,2025-04-05,,Active,Not working,,
E01173,P0939,Shoulder condition,Shoulder,Manual handling or lifting,Office or administration,Sedentary,General practitioner,Workers' compensation,2025-12-04,2026-03-20,Completed,Full duties,Full duties,Goals achieved
E01174,P0939,Low back pain,Lumbar spine,Manual handling or lifting,Trades,Heavy,General practitioner,Private health insurance,2026-05-02,,Active,Full duties,,
E01175,P0940,Neck pain,Cervical spine,Gradual or non-specific onset,Not currently employed,,Specialist,Private health insurance,2025-05-11,2025-07-03,Completed,Not applicable,Not applicable,Patient discontinued
E01176,P0941,Knee condition,Knee,Manual handling or lifting,Education,Light,Employer,Workers' compensation,2025-06-14,2025-07-04,Completed,Reduced hours,Modified duties,Patient discontinued
E01177,P0942,Shoulder condition,Shoulder,"Slip, trip or fall",Manufacturing,Medium,General practitioner,Workers' compensation,2024-10-31,2025-01-07,Completed,Full duties,Full duties,Patient discontinued
E01178,P0942,Hip condition,Hip,Gradual or non-specific onset,Manufacturing,Heavy,Self-referral,Self-funded,2025-10-15,,Active,Reduced hours,,
E01179,P0943,Low back pain,Lumbar spine,Repetitive movement or overuse,Other,Medium,Other allied-health provider,Private health insurance,2026-06-22,,Active,Full duties,,
E01180,P0944,Multiple regions,Multiple regions,Manual handling or lifting,Construction,Very heavy,General practitioner,Medicare-supported care,2026-08-02,2026-08-12,Discontinued,Not working,Full duties,Patient discontinued
E01181,P0945,Hip condition,Hip,Gradual or non-specific onset,Office or administration,Sedentary,General practitioner,Private health insurance,2024-05-07,,Active,Reduced hours,,
E01182,P0946,Multiple regions,Multiple regions,Gradual or non-specific onset,Manufacturing,Heavy,Self-referral,Workers' compensation,2025-12-15,2026-01-02,Completed,Modified duties,Full duties,Patient discontinued
E01183,P0947,Hip condition,Hip,Manual handling or lifting,Healthcare,Medium,General practitioner,Private health insurance,2024-01-23,2024-03-17,Completed,Modified duties,Full duties,Patient discontinued
E01184,P0948,Low back pain,Lumbar spine,Gradual or non-specific onset,Healthcare,Light,Employer,Workers' compensation,2024-12-25,2025-01-10,Completed,Not working,Reduced hours,Patient discontinued
E01185,P0948,Shoulder condition,Shoulder,Manual handling or lifting,Office or administration,Sedentary,Self-referral,Self-funded,2025-11-11,2025-12-17,Completed,Reduced hours,Full duties,Goals achieved
E01186,P0949,Low back pain,Lumbar spine,"Slip, trip or fall",Manufacturing,Heavy,Specialist,Workers' compensation,2026-08-02,2026-08-29,Discontinued,Not working,Full duties,Goals achieved
E01187,P0949,Hip condition,Hip,Sports or exercise,Construction,Heavy,Self-referral,Private health insurance,2026-08-31,2026-09-28,Completed,Not working,Not working,Referred to another provider
E01188,P0950,Knee condition,Knee,Direct impact,Construction,Very heavy,Self-referral,Workers' compensation,2024-06-19,2024-09-13,Completed,Full duties,Full duties,Goals achieved
E01189,P0951,Low back pain,Lumbar spine,Manual handling or lifting,Office or administration,Sedentary,Specialist,Private health insurance,2025-01-02,2025-05-26,Completed,Full duties,Full duties,No further improvement
E01190,P0952,Elbow condition,Elbow,Sports or exercise,Healthcare,Medium,General practitioner,Workers' compensation,2024-08-01,2024-10-11,Completed,Full duties,Full duties,Patient discontinued
E01191,P0953,Low back pain,Lumbar spine,Repetitive movement or overuse,Trades,Heavy,Self-referral,Private health insurance,2025-12-10,2026-05-13,Completed,Reduced hours,Full duties,Goals achieved
E01192,P0954,Knee condition,Knee,Gradual or non-specific onset,Healthcare,Medium,Self-referral,Private health insurance,2025-03-27,,Active,Reduced hours,,
E01193,P0955,Ankle or foot condition,Ankle or foot,Manual handling or lifting,Transport,Medium,General practitioner,Workers' compensation,2025-07-31,2025-11-19,Completed,Full duties,Full duties,Lost to follow-up
E01194,P0955,Low back pain,Lumbar spine,Repetitive movement or overuse,Education,Medium,General practitioner,Private health insurance,2026-02-28,2026-04-22,Completed,Not working,Not working,Goals achieved
E01195,P0956,Knee condition,Knee,Sports or exercise,Healthcare,Heavy,Self-referral,Private health insurance,2026-07-07,2026-08-17,Completed,Full duties,Full duties,Goals achieved
E01196,P0956,Hip condition,Hip,Manual handling or lifting,Education,Light,General practitioner,Medicare-supported care,2026-08-18,2026-09-28,Discontinued,Not working,Not working,Lost to follow-up
E01197,P0957,Low back pain,Lumbar spine,Gradual or non-specific onset,Transport,Sedentary,General practitioner,Medicare-supported care,2025-05-22,2025-08-14,Completed,Modified duties,Full duties,Referred to another provider
E01198,P0957,Shoulder condition,Shoulder,Other,Manufacturing,Medium,General practitioner,Medicare-supported care,2026-01-24,2026-04-12,Completed,Modified duties,Full duties,Lost to follow-up
E01199,P0958,Low back pain,Lumbar spine,Gradual or non-specific onset,Office or administration,Sedentary,Specialist,Self-funded,2025-12-16,2026-03-07,Discontinued,Full duties,Full duties,Patient discontinued
E01200,P0959,Knee condition,Knee,Direct impact,Office or administration,Sedentary,Employer,Workers' compensation,2024-04-05,2024-05-30,Completed,Reduced hours,Modified duties,Goals achieved
E01201,P0960,Low back pain,Lumbar spine,"Slip, trip or fall",Other,Medium,General practitioner,Workers' compensation,2024-07-28,2024-10-04,Completed,Not working,Modified duties,Goals achieved
E01202,P0961,Elbow condition,Elbow,"Slip, trip or fall",Education,Medium,Employer,Private health insurance,2026-07-11,2026-08-09,Completed,Full duties,Full duties,Other
E01203,P0962,Wrist or hand condition,Wrist or hand,"Slip, trip or fall",Not currently employed,,General practitioner,Workers' compensation,2026-04-17,2026-09-13,Completed,Not applicable,Not applicable,Lost to follow-up
E01204,P0963,Low back pain,Lumbar spine,Manual handling or lifting,Trades,Heavy,Insurer or case manager,Private health insurance,2025-10-01,2025-10-19,Completed,Modified duties,Modified duties,Goals achieved
E01205,P0964,Neck pain,Cervical spine,Repetitive movement or overuse,Office or administration,Sedentary,Employer,Compulsory third-party insurance,2025-01-03,2025-01-23,Completed,Reduced hours,Full duties,Lost to follow-up
E01206,P0965,Knee condition,Knee,"Slip, trip or fall",Education,Light,General practitioner,Workers' compensation,2024-07-13,2024-08-13,Completed,Full duties,Modified duties,Lost to follow-up
E01207,P0965,Ankle or foot condition,Ankle or foot,Sports or exercise,Retail or hospitality,Medium,Employer,Self-funded,2025-04-08,2025-09-22,Completed,Reduced hours,Modified duties,Other
E01208,P0965,Shoulder condition,Shoulder,Gradual or non-specific onset,Education,Light,Self-referral,Self-funded,2026-01-02,2026-04-09,Completed,Modified duties,Full duties,Patient discontinued
E01209,P0966,Low back pain,Lumbar spine,Gradual or non-specific onset,Office or administration,Sedentary,Self-referral,Private health insurance,2026-04-09,2026-04-10,Completed,Not working,Not working,Goals achieved
E01210,P0967,Low back pain,Lumbar spine,Manual handling or lifting,Construction,Very heavy,Self-referral,Self-funded,2026-02-03,2026-03-10,Completed,Reduced hours,Full duties,Goals achieved
E01211,P0967,Other,Other,Manual handling or lifting,Education,Light,Employer,Workers' compensation,2026-04-23,2026-06-06,Completed,Full duties,Modified duties,Patient discontinued
E01212,P0967,Shoulder condition,Shoulder,Repetitive movement or overuse,Education,Light,Employer,Workers' compensation,2026-07-11,2026-09-28,Completed,Not working,Not working,Goals achieved
E01213,P0968,Wrist or hand condition,Wrist or hand,"Slip, trip or fall",Manufacturing,Medium,Insurer or case manager,Workers' compensation,2024-08-23,2024-11-03,Completed,Full duties,Full duties,Other
E01214,P0969,Shoulder condition,Shoulder,Sports or exercise,Construction,Heavy,General practitioner,Private health insurance,2025-07-28,,Active,Not working,,
E01215,P0970,Elbow condition,Elbow,Repetitive movement or overuse,Healthcare,Medium,Employer,Workers' compensation,2025-08-25,,Active,Reduced hours,,
E01216,P0971,Low back pain,Lumbar spine,Gradual or non-specific onset,Other,Light,Self-referral,Self-funded,2025-04-10,2025-07-01,Completed,Full duties,Full duties,Goals achieved
E01217,P0973,Low back pain,Lumbar spine,Manual handling or lifting,Retail or hospitality,Medium,Self-referral,Private health insurance,2024-04-30,2024-10-31,Completed,Reduced hours,Reduced hours,Goals achieved
E01218,P0974,Elbow condition,Elbow,Manual handling or lifting,Retail or hospitality,Medium,Self-referral,Compulsory third-party insurance,2024-09-08,2024-10-20,Completed,Full duties,Full duties,Goals achieved
E01219,P0974,Multiple regions,Multiple regions,Manual handling or lifting,Manufacturing,Heavy,Self-referral,Self-funded,2025-09-18,2025-12-06,Completed,Not working,Not working,Goals achieved
E01220,P0975,Neck pain,Cervical spine,Gradual or non-specific onset,Healthcare,Heavy,Specialist,Self-funded,2024-04-02,2024-07-02,Completed,Not working,Full duties,Goals achieved
E01221,P0976,Neck pain,Cervical spine,Manual handling or lifting,Manufacturing,Medium,General practitioner,Other,2025-11-05,2026-01-06,Completed,Reduced hours,Reduced hours,Goals achieved
E01222,P0977,Shoulder condition,Shoulder,Gradual or non-specific onset,Retail or hospitality,Light,General practitioner,Self-funded,2025-09-19,,Active,Modified duties,,
E01223,P0978,Shoulder condition,Shoulder,Repetitive movement or overuse,Education,Medium,Self-referral,Compulsory third-party insurance,2026-08-19,2026-09-28,Completed,Reduced hours,Modified duties,Goals achieved
E01224,P0979,Low back pain,Lumbar spine,Gradual or non-specific onset,Trades,Very heavy,General practitioner,Workers' compensation,2025-06-12,2026-05-02,Discontinued,Modified duties,Modified duties,Referred to another provider
E01225,P0980,Wrist or hand condition,Wrist or hand,Gradual or non-specific onset,Not currently employed,,General practitioner,Self-funded,2024-05-26,2024-06-12,Discontinued,Not applicable,Not applicable,Goals achieved
E01226,P0981,Low back pain,Lumbar spine,Gradual or non-specific onset,Manufacturing,Heavy,General practitioner,Private health insurance,2025-03-15,2025-05-24,Completed,Full duties,Not working,Referred to another provider
E01227,P0981,Ankle or foot condition,Ankle or foot,Sports or exercise,Retail or hospitality,Light,Self-referral,Private health insurance,2025-09-18,2026-01-11,Completed,Not working,Not working,Lost to follow-up
E01228,P0981,Low back pain,Lumbar spine,Manual handling or lifting,Transport,Sedentary,Other allied-health provider,Self-funded,2026-03-25,,Active,Full duties,,
E01229,P0982,Low back pain,Lumbar spine,Manual handling or lifting,Trades,Medium,Self-referral,Private health insurance,2024-03-27,2024-04-26,Completed,Full duties,Modified duties,Goals achieved
E01230,P0982,Knee condition,Knee,Gradual or non-specific onset,Manufacturing,Heavy,General practitioner,Private health insurance,2025-06-28,,Active,Full duties,,
E01231,P0983,Neck pain,Cervical spine,Direct impact,Transport,Medium,Insurer or case manager,Workers' compensation,2025-10-15,2025-10-20,Discontinued,Not working,Full duties,Goals achieved
E01232,P0984,Knee condition,Knee,Repetitive movement or overuse,Transport,Medium,General practitioner,Workers' compensation,2025-10-18,2026-02-07,Completed,Not working,Reduced hours,Goals achieved
E01233,P0985,Low back pain,Lumbar spine,Repetitive movement or overuse,Transport,Medium,Other,Private health insurance,2026-04-15,2026-06-20,Completed,Full duties,Full duties,Goals achieved
E01234,P0986,Multiple regions,Multiple regions,Manual handling or lifting,Transport,Sedentary,Employer,Workers' compensation,2024-11-26,2025-01-25,Completed,Full duties,Full duties,Other
E01235,P0986,Ankle or foot condition,Ankle or foot,"Slip, trip or fall",Construction,Heavy,General practitioner,Compulsory third-party insurance,2025-10-28,,Active,Not working,,
E01236,P0987,Wrist or hand condition,Wrist or hand,Motor vehicle accident,Retail or hospitality,Light,Self-referral,Compulsory third-party insurance,2024-10-29,2024-12-01,Discontinued,Modified duties,Reduced hours,Patient discontinued
E01237,P0988,Low back pain,Lumbar spine,Manual handling or lifting,Manufacturing,Heavy,General practitioner,Workers' compensation,2024-03-10,,Active,Not working,,
E01238,P0989,Neck pain,Cervical spine,Repetitive movement or overuse,Office or administration,Sedentary,Insurer or case manager,Workers' compensation,2025-02-08,2025-03-16,Completed,Not working,Not working,Goals achieved
E01239,P0990,Neck pain,Cervical spine,Manual handling or lifting,Trades,Heavy,General practitioner,Private health insurance,2025-04-07,2025-09-15,Completed,Not working,Modified duties,Patient discontinued
E01240,P0990,Shoulder condition,Shoulder,Repetitive movement or overuse,Manufacturing,Medium,Insurer or case manager,Self-funded,2026-01-02,,Active,Full duties,,
E01241,P0991,Neck pain,Cervical spine,Manual handling or lifting,Office or administration,Light,Insurer or case manager,Compulsory third-party insurance,2026-01-04,2026-01-23,Completed,Reduced hours,Modified duties,Lost to follow-up
E01242,P0992,Low back pain,Lumbar spine,Gradual or non-specific onset,Education,Medium,Insurer or case manager,Workers' compensation,2026-01-04,2026-03-07,Completed,Not working,Full duties,Referred to another provider
E01243,P0992,Neck pain,Cervical spine,Direct impact,Transport,Sedentary,Insurer or case manager,Workers' compensation,2026-05-18,2026-09-11,Completed,Full duties,Full duties,Goals achieved
E01244,P0993,Low back pain,Lumbar spine,Motor vehicle accident,Education,Light,General practitioner,Department of Veterans' Affairs,2024-05-16,2024-10-30,Completed,Not working,Not working,Patient discontinued
E01245,P0993,Neck pain,Cervical spine,Manual handling or lifting,Healthcare,Medium,Self-referral,Private health insurance,2025-07-23,2025-10-01,Completed,Modified duties,Full duties,Patient discontinued
E01246,P0994,Low back pain,Lumbar spine,Other,Trades,Heavy,Employer,Self-funded,2024-10-04,2024-11-12,Completed,Not working,Reduced hours,Goals achieved
E01247,P0995,Low back pain,Lumbar spine,Manual handling or lifting,Healthcare,Light,Self-referral,Workers' compensation,2025-05-13,2025-06-24,Completed,Reduced hours,Full duties,Patient discontinued
E01248,P0995,Knee condition,Knee,Manual handling or lifting,Manufacturing,Medium,General practitioner,Private health insurance,2026-01-20,2026-04-30,Completed,Full duties,Full duties,Goals achieved
E01249,P0996,Neck pain,Cervical spine,"Slip, trip or fall",Office or administration,Sedentary,General practitioner,Workers' compensation,2024-11-22,2024-11-30,Completed,Modified duties,Reduced hours,No further improvement
E01250,P0997,Neck pain,Cervical spine,Manual handling or lifting,Manufacturing,Medium,General practitioner,Medicare-supported care,2024-01-25,2024-02-11,Completed,Full duties,Full duties,Goals achieved
E01251,P0999,Shoulder condition,Shoulder,Manual handling or lifting,Transport,Medium,Insurer or case manager,Workers' compensation,2025-12-13,2026-02-13,Completed,Full duties,Full duties,Lost to follow-up
E01252,P0999,Ankle or foot condition,Ankle or foot,Repetitive movement or overuse,Manufacturing,Medium,Self-referral,Self-funded,2026-03-19,2026-05-20,Completed,Not working,Modified duties,Goals achieved
E01253,P0999,Neck pain,Cervical spine,Gradual or non-specific onset,Retail or hospitality,Medium,Employer,Workers' compensation,2026-06-24,2026-09-25,Completed,Full duties,Full duties,Referred to another provider
E01254,P1000,Knee condition,Knee,Manual handling or lifting,Education,Light,Other allied-health provider,Private health insurance,2025-05-21,2025-07-23,Discontinued,Not working,Not working,Lost to follow-up
